day,capacity,alerts,fraud_alerts,precision_at_k,recall_at_k,exposure_captured_at_k,legitimate_exposure_interrupted,model,partition,queue_type
130,50,50,27,0.54,0.40298507462686567,0.2288664811629355,4055.1549999999997,gbm_transaction,policy,transaction
131,50,50,28,0.56,0.26666666666666666,0.1163208417255072,333.048,gbm_transaction,policy,transaction
132,50,50,21,0.42,0.19444444444444445,0.10311701028459161,3927.5080000000003,gbm_transaction,policy,transaction
133,50,50,41,0.82,0.3014705882352941,0.21178475836094923,495.923,gbm_transaction,policy,transaction
134,50,50,37,0.74,0.3592233009708738,0.17513649081672752,1034.876,gbm_transaction,policy,transaction
135,50,50,38,0.76,0.4222222222222222,0.3439985522355088,1050.895,gbm_transaction,policy,transaction
136,50,50,25,0.5,0.3424657534246575,0.3606329984357448,2206.5370000000003,gbm_transaction,policy,transaction
137,50,50,20,0.4,0.2898550724637681,0.20629746772730256,4493.719999999999,gbm_transaction,policy,transaction
138,50,50,37,0.74,0.33035714285714285,0.24266489059531046,1212.513,gbm_transaction,policy,transaction
139,50,50,17,0.34,0.2786885245901639,0.18656395580104013,3025.9629999999997,gbm_transaction,policy,transaction
140,50,50,35,0.7,0.33980582524271846,0.24499941985379772,1353.0559999999998,gbm_transaction,policy,transaction
141,50,50,33,0.66,0.25190839694656486,0.12569354967343718,2965.17,gbm_transaction,policy,transaction
142,50,50,32,0.64,0.3106796116504854,0.2329552935647522,2531.415,gbm_transaction,policy,transaction
143,50,50,24,0.48,0.3380281690140845,0.1796016398340175,3456.29,gbm_transaction,policy,transaction
144,50,50,28,0.56,0.3111111111111111,0.4204299105319281,1733.2669999999998,gbm_transaction,policy,transaction
145,50,50,21,0.42,0.31343283582089554,0.22376886632804782,4676.584,gbm_transaction,policy,transaction
146,50,50,26,0.52,0.2653061224489796,0.14526690830252947,2871.165,gbm_transaction,policy,transaction
147,50,50,19,0.38,0.24050632911392406,0.19968262567729406,2417.254,gbm_transaction,policy,transaction
148,50,50,27,0.54,0.313953488372093,0.3316111795782495,1868.9109999999998,gbm_transaction,policy,transaction
149,50,50,21,0.42,0.3181818181818182,0.2453246224095898,2921.7169999999996,gbm_transaction,policy,transaction
150,50,50,20,0.4,0.2898550724637681,0.16129475784005884,2818.8360000000002,gbm_transaction,policy,transaction
151,50,50,36,0.72,0.36363636363636365,0.2931817149603745,1421.945,gbm_transaction,policy,transaction
152,50,50,21,0.42,0.6774193548387096,0.3685280492985207,7478.068,gbm_transaction,policy,transaction
130,100,100,30,0.3,0.44776119402985076,0.29495375143919905,13959.576000000001,gbm_transaction,policy,transaction
131,100,100,53,0.53,0.5047619047619047,0.4329415923501607,4285.721,gbm_transaction,policy,transaction
132,100,100,31,0.31,0.28703703703703703,0.2701043138939024,8579.66,gbm_transaction,policy,transaction
133,100,100,58,0.58,0.4264705882352941,0.37734564075891913,6136.496,gbm_transaction,policy,transaction
134,100,100,54,0.54,0.5242718446601942,0.5372946241637451,3843.185,gbm_transaction,policy,transaction
135,100,100,48,0.48,0.5333333333333333,0.5481337142010888,5338.181,gbm_transaction,policy,transaction
136,100,100,34,0.34,0.4657534246575342,0.5645037098569073,11692.952000000001,gbm_transaction,policy,transaction
137,100,100,28,0.28,0.4057971014492754,0.54342819239221,10290.301,gbm_transaction,policy,transaction
138,100,100,53,0.53,0.4732142857142857,0.4266949543504806,6026.1810000000005,gbm_transaction,policy,transaction
139,100,100,21,0.21,0.3442622950819672,0.26015815811098125,9415.504,gbm_transaction,policy,transaction
140,100,100,56,0.56,0.5436893203883495,0.4018090571790612,7516.387,gbm_transaction,policy,transaction
141,100,100,46,0.46,0.3511450381679389,0.3005858584670015,6861.366999999999,gbm_transaction,policy,transaction
142,100,100,44,0.44,0.42718446601941745,0.39788461924217183,8861.68,gbm_transaction,policy,transaction
143,100,100,30,0.3,0.4225352112676056,0.3640096673797935,15713.712000000001,gbm_transaction,policy,transaction
144,100,100,38,0.38,0.4222222222222222,0.5427463630235101,7885.004000000001,gbm_transaction,policy,transaction
145,100,100,27,0.27,0.40298507462686567,0.2876771236742601,12465.591,gbm_transaction,policy,transaction
146,100,100,31,0.31,0.3163265306122449,0.1779848493800268,9077.44,gbm_transaction,policy,transaction
147,100,100,20,0.2,0.25316455696202533,0.23296943969819545,9203.562,gbm_transaction,policy,transaction
148,100,100,37,0.37,0.43023255813953487,0.4406450344755586,6723.34,gbm_transaction,policy,transaction
149,100,100,27,0.27,0.4090909090909091,0.37210707158646295,9848.984,gbm_transaction,policy,transaction
150,100,100,22,0.22,0.3188405797101449,0.1705407151591347,14265.287000000002,gbm_transaction,policy,transaction
151,100,100,46,0.46,0.46464646464646464,0.42331602490379466,6763.022,gbm_transaction,policy,transaction
152,100,100,24,0.24,0.7741935483870968,0.6496932588981639,18447.252,gbm_transaction,policy,transaction
130,250,250,48,0.192,0.7164179104477612,0.7955256725554286,34392.15,gbm_transaction,policy,transaction
131,250,250,74,0.296,0.7047619047619048,0.7530275599668941,25632.272,gbm_transaction,policy,transaction
132,250,250,58,0.232,0.5370370370370371,0.6708972300258583,26490.773999999998,gbm_transaction,policy,transaction
133,250,250,83,0.332,0.6102941176470589,0.6598641755460318,24921.619999999995,gbm_transaction,policy,transaction
134,250,250,64,0.256,0.6213592233009708,0.6566813561579924,24054.794,gbm_transaction,policy,transaction
135,250,250,59,0.236,0.6555555555555556,0.7743439663523801,24375.951,gbm_transaction,policy,transaction
136,250,250,46,0.184,0.6301369863013698,0.732082995417467,34038.546,gbm_transaction,policy,transaction
137,250,250,38,0.152,0.5507246376811594,0.5920851554855812,28716.724000000002,gbm_transaction,policy,transaction
138,250,250,75,0.3,0.6696428571428571,0.6070756684186066,21977.906000000003,gbm_transaction,policy,transaction
139,250,250,32,0.128,0.5245901639344263,0.39852418920376126,34981.892,gbm_transaction,policy,transaction
140,250,250,78,0.312,0.7572815533980582,0.6473962505208323,38383.53,gbm_transaction,policy,transaction
141,250,250,70,0.28,0.5343511450381679,0.5824188691924868,30802.775,gbm_transaction,policy,transaction
142,250,250,65,0.26,0.6310679611650486,0.6647438149127428,31602.099,gbm_transaction,policy,transaction
143,250,250,50,0.2,0.704225352112676,0.6332695541951149,36214.233,gbm_transaction,policy,transaction
144,250,250,58,0.232,0.6444444444444445,0.7233370269269933,27064.022,gbm_transaction,policy,transaction
145,250,250,40,0.16,0.5970149253731343,0.6347404640468562,37590.454,gbm_transaction,policy,transaction
146,250,250,53,0.212,0.5408163265306123,0.4148256702569543,27497.548,gbm_transaction,policy,transaction
147,250,250,35,0.14,0.4430379746835443,0.44537744008624547,32450.514000000003,gbm_transaction,policy,transaction
148,250,250,49,0.196,0.5697674418604651,0.6718106161181262,30866.013000000003,gbm_transaction,policy,transaction
149,250,250,41,0.164,0.6212121212121212,0.6329735481967663,33822.873,gbm_transaction,policy,transaction
150,250,250,35,0.14,0.5072463768115942,0.5734540513674004,39270.115000000005,gbm_transaction,policy,transaction
151,250,250,65,0.26,0.6565656565656566,0.6772496546939117,23308.422,gbm_transaction,policy,transaction
152,250,250,27,0.108,0.8709677419354839,0.6662240673112432,39081.769,gbm_transaction,policy,transaction
130,500,500,56,0.112,0.835820895522388,0.8965360456467802,78001.671,gbm_transaction,policy,transaction
131,500,500,84,0.168,0.8,0.9038102845875344,74562.564,gbm_transaction,policy,transaction
132,500,500,80,0.16,0.7407407407407407,0.835087785271743,60332.592,gbm_transaction,policy,transaction
133,500,500,111,0.222,0.8161764705882353,0.8584322433161988,66058.01999999999,gbm_transaction,policy,transaction
134,500,500,79,0.158,0.7669902912621359,0.8061952443219069,60863.611000000004,gbm_transaction,policy,transaction
135,500,500,70,0.14,0.7777777777777778,0.8438103612866793,60497.91500000001,gbm_transaction,policy,transaction
136,500,500,57,0.114,0.7808219178082192,0.8603546279382275,73364.118,gbm_transaction,policy,transaction
137,500,500,51,0.102,0.7391304347826086,0.7689411326470984,61768.941,gbm_transaction,policy,transaction
138,500,500,84,0.168,0.75,0.6800064501824192,58043.443,gbm_transaction,policy,transaction
139,500,500,39,0.078,0.639344262295082,0.4960685261319459,70943.807,gbm_transaction,policy,transaction
140,500,500,84,0.168,0.8155339805825242,0.7981195163274876,77280.937,gbm_transaction,policy,transaction
141,500,500,97,0.194,0.7404580152671756,0.795384297201908,64722.709,gbm_transaction,policy,transaction
142,500,500,81,0.162,0.7864077669902912,0.8148786571071812,82850.964,gbm_transaction,policy,transaction
143,500,500,63,0.126,0.8873239436619719,0.8570244727531597,70632.507,gbm_transaction,policy,transaction
144,500,500,70,0.14,0.7777777777777778,0.8118671254385058,76039.158,gbm_transaction,policy,transaction
145,500,500,49,0.098,0.7313432835820896,0.7308947742599337,76414.503,gbm_transaction,policy,transaction
146,500,500,76,0.152,0.7755102040816326,0.7432229360555472,67049.679,gbm_transaction,policy,transaction
147,500,500,53,0.106,0.6708860759493671,0.5765325241216098,72880.438,gbm_transaction,policy,transaction
148,500,500,60,0.12,0.6976744186046512,0.7928772621162283,77238.976,gbm_transaction,policy,transaction
149,500,500,50,0.1,0.7575757575757576,0.7632920525256742,71752.562,gbm_transaction,policy,transaction
150,500,500,45,0.09,0.6521739130434783,0.7146245823166986,72943.23199999999,gbm_transaction,policy,transaction
151,500,500,83,0.166,0.8383838383838383,0.8176429617669302,66400.061,gbm_transaction,policy,transaction
152,500,500,29,0.058,0.9354838709677419,0.9854209398672823,65780.634,gbm_transaction,policy,transaction
130,50,50,24,0.48,0.3582089552238806,0.21253655680519307,5076.6939999999995,gbm_transaction,policy,entity_deduplicated
131,50,50,30,0.6,0.2857142857142857,0.21720486786302215,1431.9880000000003,gbm_transaction,policy,entity_deduplicated
132,50,50,16,0.32,0.14814814814814814,0.1402376251677531,3609.826,gbm_transaction,policy,entity_deduplicated
133,50,50,34,0.68,0.25,0.1998536634499145,1440.7730000000001,gbm_transaction,policy,entity_deduplicated
134,50,50,37,0.74,0.3592233009708738,0.4042338141983973,1289.7220000000002,gbm_transaction,policy,entity_deduplicated
135,50,50,30,0.6,0.3333333333333333,0.3212762080860351,2252.654,gbm_transaction,policy,entity_deduplicated
136,50,50,25,0.5,0.3424657534246575,0.3448383023369342,4846.242,gbm_transaction,policy,entity_deduplicated
137,50,50,20,0.4,0.2898550724637681,0.33110161136716887,4987.303000000001,gbm_transaction,policy,entity_deduplicated
138,50,50,31,0.62,0.2767857142857143,0.20221253748529758,2553.434,gbm_transaction,policy,entity_deduplicated
139,50,50,15,0.3,0.2459016393442623,0.18148334285881515,3547.2250000000004,gbm_transaction,policy,entity_deduplicated
140,50,50,31,0.62,0.30097087378640774,0.21425842094530956,2883.299,gbm_transaction,policy,entity_deduplicated
141,50,50,31,0.62,0.2366412213740458,0.22109284961113823,2486.5110000000004,gbm_transaction,policy,entity_deduplicated
142,50,50,28,0.56,0.27184466019417475,0.2894983713512257,3476.5489999999995,gbm_transaction,policy,entity_deduplicated
143,50,50,19,0.38,0.2676056338028169,0.2904293532362251,6362.186000000001,gbm_transaction,policy,entity_deduplicated
144,50,50,23,0.46,0.25555555555555554,0.29617106311007513,2282.594,gbm_transaction,policy,entity_deduplicated
145,50,50,19,0.38,0.2835820895522388,0.19885371182416733,5036.53,gbm_transaction,policy,entity_deduplicated
146,50,50,22,0.44,0.22448979591836735,0.15126327948329998,4799.273,gbm_transaction,policy,entity_deduplicated
147,50,50,13,0.26,0.16455696202531644,0.1340920177163942,4102.878000000001,gbm_transaction,policy,entity_deduplicated
148,50,50,23,0.46,0.26744186046511625,0.3232308924937001,2249.821,gbm_transaction,policy,entity_deduplicated
149,50,50,20,0.4,0.30303030303030304,0.2584274213692158,3982.29,gbm_transaction,policy,entity_deduplicated
150,50,50,15,0.3,0.21739130434782608,0.098862380001984,5573.32,gbm_transaction,policy,entity_deduplicated
151,50,50,26,0.52,0.26262626262626265,0.2575834500845071,3234.4919999999997,gbm_transaction,policy,entity_deduplicated
152,50,50,18,0.36,0.5806451612903226,0.35494235301512916,10668.934000000001,gbm_transaction,policy,entity_deduplicated
130,100,100,28,0.28,0.417910447761194,0.369677677870808,15753.841,gbm_transaction,policy,entity_deduplicated
131,100,100,43,0.43,0.4095238095238095,0.4524039562903933,8773.451,gbm_transaction,policy,entity_deduplicated
132,100,100,26,0.26,0.24074074074074073,0.22330602573338307,10553.033,gbm_transaction,policy,entity_deduplicated
133,100,100,46,0.46,0.3382352941176471,0.3322278159862899,7694.369999999999,gbm_transaction,policy,entity_deduplicated
134,100,100,43,0.43,0.4174757281553398,0.4744807643926847,7392.2660000000005,gbm_transaction,policy,entity_deduplicated
135,100,100,37,0.37,0.4111111111111111,0.46912307319352825,8452.134,gbm_transaction,policy,entity_deduplicated
136,100,100,32,0.32,0.4383561643835616,0.4822150450641974,14787.697,gbm_transaction,policy,entity_deduplicated
137,100,100,24,0.24,0.34782608695652173,0.3854781843605887,12436.298999999999,gbm_transaction,policy,entity_deduplicated
138,100,100,43,0.43,0.38392857142857145,0.25545913403462034,7208.757,gbm_transaction,policy,entity_deduplicated
139,100,100,19,0.19,0.3114754098360656,0.2513121111461386,10983.451000000001,gbm_transaction,policy,entity_deduplicated
140,100,100,44,0.44,0.42718446601941745,0.37454454810728227,10294.329,gbm_transaction,policy,entity_deduplicated
141,100,100,38,0.38,0.2900763358778626,0.3742641632036169,9953.759,gbm_transaction,policy,entity_deduplicated
142,100,100,36,0.36,0.34951456310679613,0.3665774907874298,10593.225,gbm_transaction,policy,entity_deduplicated
143,100,100,25,0.25,0.352112676056338,0.3502653772384552,13636.346000000001,gbm_transaction,policy,entity_deduplicated
144,100,100,30,0.3,0.3333333333333333,0.3367053554226847,9824.333,gbm_transaction,policy,entity_deduplicated
145,100,100,23,0.23,0.34328358208955223,0.34390984133505503,13863.555,gbm_transaction,policy,entity_deduplicated
146,100,100,29,0.29,0.29591836734693877,0.2507561181738083,11604.686,gbm_transaction,policy,entity_deduplicated
147,100,100,17,0.17,0.21518987341772153,0.2609145032994496,11775.741,gbm_transaction,policy,entity_deduplicated
148,100,100,31,0.31,0.36046511627906974,0.47255794790161937,11244.402,gbm_transaction,policy,entity_deduplicated
149,100,100,28,0.28,0.42424242424242425,0.4534369789138627,12306.45,gbm_transaction,policy,entity_deduplicated
150,100,100,19,0.19,0.2753623188405797,0.12454466673485635,15412.492,gbm_transaction,policy,entity_deduplicated
151,100,100,33,0.33,0.3333333333333333,0.44675399413689604,10035.837000000001,gbm_transaction,policy,entity_deduplicated
152,100,100,21,0.21,0.6774193548387096,0.6361075626147723,18558.349,gbm_transaction,policy,entity_deduplicated
130,250,250,39,0.156,0.582089552238806,0.7127244826922345,34621.646,gbm_transaction,policy,entity_deduplicated
131,250,250,53,0.212,0.5047619047619047,0.5634035304009535,35053.664,gbm_transaction,policy,entity_deduplicated
132,250,250,37,0.148,0.3425925925925926,0.4001822604386233,29844.148,gbm_transaction,policy,entity_deduplicated
133,250,250,66,0.264,0.4852941176470588,0.5145024377666033,27230.078,gbm_transaction,policy,entity_deduplicated
134,250,250,52,0.208,0.5048543689320388,0.587963223681434,31080.879,gbm_transaction,policy,entity_deduplicated
135,250,250,41,0.164,0.45555555555555555,0.49525178105450235,30113.218,gbm_transaction,policy,entity_deduplicated
136,250,250,41,0.164,0.5616438356164384,0.5903394282857233,38193.994999999995,gbm_transaction,policy,entity_deduplicated
137,250,250,31,0.124,0.4492753623188406,0.48109556146993654,30220.840000000004,gbm_transaction,policy,entity_deduplicated
138,250,250,59,0.236,0.5267857142857143,0.4046077355061818,24740.552000000003,gbm_transaction,policy,entity_deduplicated
139,250,250,28,0.112,0.45901639344262296,0.41719862220592346,36942.692,gbm_transaction,policy,entity_deduplicated
140,250,250,53,0.212,0.5145631067961165,0.5036595784432925,40579.84,gbm_transaction,policy,entity_deduplicated
141,250,250,52,0.208,0.3969465648854962,0.5029277397643099,37696.84,gbm_transaction,policy,entity_deduplicated
142,250,250,49,0.196,0.47572815533980584,0.5939011752483997,46208.072,gbm_transaction,policy,entity_deduplicated
143,250,250,35,0.14,0.49295774647887325,0.6171403487793979,33344.914000000004,gbm_transaction,policy,entity_deduplicated
144,250,250,40,0.16,0.4444444444444444,0.4402507258826555,35560.097,gbm_transaction,policy,entity_deduplicated
145,250,250,33,0.132,0.4925373134328358,0.48846874684826436,37250.662,gbm_transaction,policy,entity_deduplicated
146,250,250,43,0.172,0.4387755102040816,0.4276916240036374,34446.686,gbm_transaction,policy,entity_deduplicated
147,250,250,30,0.12,0.379746835443038,0.3842550431124887,37744.907,gbm_transaction,policy,entity_deduplicated
148,250,250,40,0.16,0.46511627906976744,0.6574349344369864,36612.268000000004,gbm_transaction,policy,entity_deduplicated
149,250,250,36,0.144,0.5454545454545454,0.5224691416071521,34746.925,gbm_transaction,policy,entity_deduplicated
150,250,250,26,0.104,0.37681159420289856,0.43116468685252984,40283.901,gbm_transaction,policy,entity_deduplicated
151,250,250,42,0.168,0.42424242424242425,0.5417348134337847,34822.502,gbm_transaction,policy,entity_deduplicated
152,250,250,23,0.092,0.7419354838709677,0.6456037647663808,40411.35,gbm_transaction,policy,entity_deduplicated
130,500,500,44,0.088,0.6567164179104478,0.7389948512483081,79850.627,gbm_transaction,policy,entity_deduplicated
131,500,500,58,0.116,0.5523809523809524,0.5861521061470669,86221.371,gbm_transaction,policy,entity_deduplicated
132,500,500,46,0.092,0.42592592592592593,0.4397914639126528,74194.859,gbm_transaction,policy,entity_deduplicated
133,500,500,76,0.152,0.5588235294117647,0.5661409565349541,67329.706,gbm_transaction,policy,entity_deduplicated
134,500,500,60,0.12,0.5825242718446602,0.65677288672104,82378.204,gbm_transaction,policy,entity_deduplicated
135,500,500,50,0.1,0.5555555555555556,0.5495454689303658,72537.381,gbm_transaction,policy,entity_deduplicated
136,500,500,48,0.096,0.6575342465753424,0.6681883543038013,71975.235,gbm_transaction,policy,entity_deduplicated
137,500,500,37,0.074,0.5362318840579711,0.5365221259483879,77519.823,gbm_transaction,policy,entity_deduplicated
138,500,500,63,0.126,0.5625,0.4898341775066355,68974.046,gbm_transaction,policy,entity_deduplicated
139,500,500,36,0.072,0.5901639344262295,0.4627211226682614,76757.572,gbm_transaction,policy,entity_deduplicated
140,500,500,60,0.12,0.5825242718446602,0.6474980376613768,79188.514,gbm_transaction,policy,entity_deduplicated
141,500,500,61,0.122,0.46564885496183206,0.5990809762041576,88862.266,gbm_transaction,policy,entity_deduplicated
142,500,500,56,0.112,0.5436893203883495,0.6495544046514636,88585.537,gbm_transaction,policy,entity_deduplicated
143,500,500,41,0.082,0.5774647887323944,0.674511957246444,77134.35700000002,gbm_transaction,policy,entity_deduplicated
144,500,500,48,0.096,0.5333333333333333,0.5737002940806453,77849.892,gbm_transaction,policy,entity_deduplicated
145,500,500,39,0.078,0.582089552238806,0.5958841039913425,74155.9,gbm_transaction,policy,entity_deduplicated
146,500,500,51,0.102,0.5204081632653061,0.5969257787447778,81683.33899999999,gbm_transaction,policy,entity_deduplicated
147,500,500,35,0.07,0.4430379746835443,0.4524883021378957,77756.84,gbm_transaction,policy,entity_deduplicated
148,500,500,51,0.102,0.5930232558139535,0.723002480681011,86841.39199999999,gbm_transaction,policy,entity_deduplicated
149,500,500,45,0.09,0.6818181818181818,0.7042764981503937,74980.45199999999,gbm_transaction,policy,entity_deduplicated
150,500,500,38,0.076,0.5507246376811594,0.6422527425364407,72892.107,gbm_transaction,policy,entity_deduplicated
151,500,500,45,0.09,0.45454545454545453,0.5971411159291413,82888.26800000001,gbm_transaction,policy,entity_deduplicated
152,500,500,26,0.052,0.8387096774193549,0.7004478785370034,72448.66,gbm_transaction,policy,entity_deduplicated
152,50,50,28,0.56,0.3146067415730337,0.21594716808463357,5541.688999999999,gbm_transaction,oot,transaction
153,50,50,50,1.0,0.3968253968253968,0.07423797256012171,0.0,gbm_transaction,oot,transaction
154,50,50,24,0.48,0.2553191489361702,0.10819783899946002,3682.0339999999997,gbm_transaction,oot,transaction
155,50,50,39,0.78,0.3277310924369748,0.20610709507625355,437.061,gbm_transaction,oot,transaction
156,50,50,21,0.42,0.3888888888888889,0.23664660069222335,2668.739,gbm_transaction,oot,transaction
157,50,50,20,0.4,0.2898550724637681,0.3195271455360277,10965.449999999999,gbm_transaction,oot,transaction
158,50,50,29,0.58,0.35802469135802467,0.13645663541842698,2996.3160000000007,gbm_transaction,oot,transaction
159,50,50,34,0.68,0.38202247191011235,0.27453197133576557,1812.9759999999999,gbm_transaction,oot,transaction
160,50,50,30,0.6,0.35294117647058826,0.360759823410055,5045.283,gbm_transaction,oot,transaction
161,50,50,24,0.48,0.35294117647058826,0.1984725066721264,1592.549,gbm_transaction,oot,transaction
162,50,50,43,0.86,0.37719298245614036,0.2691869669259744,137.498,gbm_transaction,oot,transaction
163,50,50,40,0.8,0.29411764705882354,0.12373564627321425,347.155,gbm_transaction,oot,transaction
164,50,50,19,0.38,0.24675324675324675,0.3020932743010501,3694.841,gbm_transaction,oot,transaction
165,50,50,24,0.48,0.3287671232876712,0.18740358262819526,2407.6,gbm_transaction,oot,transaction
166,50,50,29,0.58,0.30851063829787234,0.15617389241430965,2554.786,gbm_transaction,oot,transaction
167,50,50,34,0.68,0.2857142857142857,0.09991868732729153,1683.1159999999998,gbm_transaction,oot,transaction
168,50,50,28,0.56,0.2413793103448276,0.17162416427039215,1826.7949999999996,gbm_transaction,oot,transaction
169,50,50,49,0.98,0.3356164383561644,0.14038503445728426,16.723,gbm_transaction,oot,transaction
170,50,50,31,0.62,0.3069306930693069,0.32717901999735793,1696.527,gbm_transaction,oot,transaction
171,50,50,28,0.56,0.4117647058823529,0.30337205227213015,1290.436,gbm_transaction,oot,transaction
172,50,50,29,0.58,0.35802469135802467,0.26648015096341787,1892.7569999999998,gbm_transaction,oot,transaction
173,50,50,40,0.8,0.28169014084507044,0.1047838747265634,836.805,gbm_transaction,oot,transaction
174,50,50,40,0.8,0.45977011494252873,0.49196415335129956,978.004,gbm_transaction,oot,transaction
175,50,50,38,0.76,0.35185185185185186,0.15809328067491726,1873.945,gbm_transaction,oot,transaction
176,50,50,50,1.0,0.3448275862068966,0.14560619925772675,0.0,gbm_transaction,oot,transaction
177,50,50,41,0.82,0.3761467889908257,0.1552630667811539,1302.2440000000001,gbm_transaction,oot,transaction
178,50,50,38,0.76,0.4318181818181818,0.20759857840105986,1386.156,gbm_transaction,oot,transaction
179,50,50,12,0.24,0.18181818181818182,0.01728360375387619,3744.6749999999997,gbm_transaction,oot,transaction
180,50,50,37,0.74,0.37755102040816324,0.22805277900144116,1450.6390000000001,gbm_transaction,oot,transaction
181,50,50,32,0.64,0.26229508196721313,0.1264174107740151,2655.005,gbm_transaction,oot,transaction
182,50,50,41,0.82,0.3445378151260504,0.14409954733863828,671.687,gbm_transaction,oot,transaction
152,100,100,37,0.37,0.4157303370786517,0.30951532270950044,13867.800999999998,gbm_transaction,oot,transaction
153,100,100,73,0.73,0.5793650793650794,0.21098130505238974,3213.4739999999997,gbm_transaction,oot,transaction
154,100,100,35,0.35,0.3723404255319149,0.15367141789655028,10280.563,gbm_transaction,oot,transaction
155,100,100,48,0.48,0.40336134453781514,0.2711633726541364,8311.150999999998,gbm_transaction,oot,transaction
156,100,100,29,0.29,0.5370370370370371,0.320797869432747,12049.029,gbm_transaction,oot,transaction
157,100,100,30,0.3,0.43478260869565216,0.46838574132483607,18434.273,gbm_transaction,oot,transaction
158,100,100,35,0.35,0.43209876543209874,0.21353030705118267,10564.392,gbm_transaction,oot,transaction
159,100,100,41,0.41,0.4606741573033708,0.3459465821240642,7184.272999999999,gbm_transaction,oot,transaction
160,100,100,42,0.42,0.49411764705882355,0.551772400791432,10948.806,gbm_transaction,oot,transaction
161,100,100,28,0.28,0.4117647058823529,0.3301525260958647,7416.521,gbm_transaction,oot,transaction
162,100,100,58,0.58,0.5087719298245614,0.3636033113840754,3494.204,gbm_transaction,oot,transaction
163,100,100,58,0.58,0.4264705882352941,0.25210887689169087,4544.244000000001,gbm_transaction,oot,transaction
164,100,100,26,0.26,0.33766233766233766,0.3453240177424887,8905.362,gbm_transaction,oot,transaction
165,100,100,31,0.31,0.4246575342465753,0.23050378667302623,11721.217,gbm_transaction,oot,transaction
166,100,100,43,0.43,0.4574468085106383,0.24981366648631742,7258.672,gbm_transaction,oot,transaction
167,100,100,41,0.41,0.3445378151260504,0.18459168708929552,6611.601,gbm_transaction,oot,transaction
168,100,100,39,0.39,0.33620689655172414,0.19938948983740928,8023.647999999999,gbm_transaction,oot,transaction
169,100,100,71,0.71,0.4863013698630137,0.2310229282483789,4089.994,gbm_transaction,oot,transaction
170,100,100,47,0.47,0.46534653465346537,0.4786577404726423,4689.277999999999,gbm_transaction,oot,transaction
171,100,100,40,0.4,0.5882352941176471,0.4455672851952853,5294.042,gbm_transaction,oot,transaction
172,100,100,42,0.42,0.5185185185185185,0.47670707722095684,13956.062,gbm_transaction,oot,transaction
173,100,100,63,0.63,0.44366197183098594,0.17197281984540078,6352.511,gbm_transaction,oot,transaction
174,100,100,46,0.46,0.5287356321839081,0.6595765412023165,7443.558999999999,gbm_transaction,oot,transaction
175,100,100,51,0.51,0.4722222222222222,0.4818657096727765,10142.844000000001,gbm_transaction,oot,transaction
176,100,100,73,0.73,0.503448275862069,0.29277016758973284,2176.138,gbm_transaction,oot,transaction
177,100,100,49,0.49,0.44954128440366975,0.21563602747694094,7863.649,gbm_transaction,oot,transaction
178,100,100,47,0.47,0.5340909090909091,0.37067776647090384,10799.788,gbm_transaction,oot,transaction
179,100,100,23,0.23,0.3484848484848485,0.29589993118655145,10762.392,gbm_transaction,oot,transaction
180,100,100,48,0.48,0.4897959183673469,0.357688275001351,7423.8009999999995,gbm_transaction,oot,transaction
181,100,100,51,0.51,0.4180327868852459,0.3225375874106611,8210.565999999999,gbm_transaction,oot,transaction
182,100,100,55,0.55,0.46218487394957986,0.21919763002429576,9478.489000000001,gbm_transaction,oot,transaction
152,250,250,53,0.212,0.5955056179775281,0.4491940118024028,40192.208,gbm_transaction,oot,transaction
153,250,250,91,0.364,0.7222222222222222,0.46172878321980604,31873.435,gbm_transaction,oot,transaction
154,250,250,50,0.2,0.5319148936170213,0.3932340751464679,37490.077,gbm_transaction,oot,transaction
155,250,250,66,0.264,0.5546218487394958,0.5407470082040677,38017.886,gbm_transaction,oot,transaction
156,250,250,35,0.14,0.6481481481481481,0.5619467032118666,44209.057,gbm_transaction,oot,transaction
157,250,250,40,0.16,0.5797101449275363,0.5786863761233291,37308.109,gbm_transaction,oot,transaction
158,250,250,45,0.18,0.5555555555555556,0.3773898953209864,30386.258,gbm_transaction,oot,transaction
159,250,250,60,0.24,0.6741573033707865,0.5379180066384068,28684.404000000002,gbm_transaction,oot,transaction
160,250,250,47,0.188,0.5529411764705883,0.6340265554130055,33022.867,gbm_transaction,oot,transaction
161,250,250,34,0.136,0.5,0.592257760831615,29276.754999999997,gbm_transaction,oot,transaction
162,250,250,69,0.276,0.6052631578947368,0.4916820328729779,21121.924,gbm_transaction,oot,transaction
163,250,250,70,0.28,0.5147058823529411,0.32307726345411536,25592.066,gbm_transaction,oot,transaction
164,250,250,42,0.168,0.5454545454545454,0.516447768896597,30079.932,gbm_transaction,oot,transaction
165,250,250,45,0.18,0.6164383561643836,0.48957934302808737,35653.04,gbm_transaction,oot,transaction
166,250,250,53,0.212,0.5638297872340425,0.4117492402021425,33643.822,gbm_transaction,oot,transaction
167,250,250,75,0.3,0.6302521008403361,0.6930843565114259,29325.871999999996,gbm_transaction,oot,transaction
168,250,250,73,0.292,0.6293103448275862,0.6754053591279671,31140.024999999998,gbm_transaction,oot,transaction
169,250,250,89,0.356,0.6095890410958904,0.47246482533863543,31839.112,gbm_transaction,oot,transaction
170,250,250,66,0.264,0.6534653465346535,0.5740692870115327,22543.229,gbm_transaction,oot,transaction
171,250,250,51,0.204,0.75,0.8417442614571745,32030.039000000004,gbm_transaction,oot,transaction
172,250,250,53,0.212,0.654320987654321,0.6350825139268751,48445.981,gbm_transaction,oot,transaction
173,250,250,102,0.408,0.7183098591549296,0.48997064735223206,28386.248,gbm_transaction,oot,transaction
174,250,250,55,0.22,0.632183908045977,0.7521021555668332,33922.591,gbm_transaction,oot,transaction
175,250,250,64,0.256,0.5925925925925926,0.6955334407791179,42459.316,gbm_transaction,oot,transaction
176,250,250,95,0.38,0.6551724137931034,0.7433896625614339,22195.521,gbm_transaction,oot,transaction
177,250,250,71,0.284,0.6513761467889908,0.5184999861507353,22678.601000000002,gbm_transaction,oot,transaction
178,250,250,65,0.26,0.7386363636363636,0.6483400040228192,27303.229,gbm_transaction,oot,transaction
179,250,250,39,0.156,0.5909090909090909,0.6657956585527716,29110.506999999998,gbm_transaction,oot,transaction
180,250,250,60,0.24,0.6122448979591837,0.5759533387422753,28167.332000000002,gbm_transaction,oot,transaction
181,250,250,68,0.272,0.5573770491803278,0.5316386893636779,28350.154000000002,gbm_transaction,oot,transaction
182,250,250,79,0.316,0.6638655462184874,0.48748562150532154,33682.403,gbm_transaction,oot,transaction
152,500,500,64,0.128,0.7191011235955056,0.4948979067924812,83844.424,gbm_transaction,oot,transaction
153,500,500,101,0.202,0.8015873015873016,0.6581701724547325,82161.023,gbm_transaction,oot,transaction
154,500,500,68,0.136,0.723404255319149,0.67053967353573,76692.39600000001,gbm_transaction,oot,transaction
155,500,500,86,0.172,0.7226890756302521,0.6276092891390774,82877.42499999999,gbm_transaction,oot,transaction
156,500,500,41,0.082,0.7592592592592593,0.6656075847273544,99950.032,gbm_transaction,oot,transaction
157,500,500,47,0.094,0.6811594202898551,0.7282726891104532,68123.456,gbm_transaction,oot,transaction
158,500,500,54,0.108,0.6666666666666666,0.4796534507126578,62043.468,gbm_transaction,oot,transaction
159,500,500,70,0.14,0.7865168539325843,0.6795529523483727,69451.43,gbm_transaction,oot,transaction
160,500,500,55,0.11,0.6470588235294118,0.7189255674145119,72193.11,gbm_transaction,oot,transaction
161,500,500,41,0.082,0.6029411764705882,0.727794463851883,68208.256,gbm_transaction,oot,transaction
162,500,500,90,0.18,0.7894736842105263,0.7283724780736491,58759.437,gbm_transaction,oot,transaction
163,500,500,92,0.184,0.6764705882352942,0.4964989378447366,60038.914000000004,gbm_transaction,oot,transaction
164,500,500,57,0.114,0.7402597402597403,0.6658948367124204,64048.834,gbm_transaction,oot,transaction
165,500,500,53,0.106,0.726027397260274,0.6460920851729327,70302.617,gbm_transaction,oot,transaction
166,500,500,72,0.144,0.7659574468085106,0.7871630818240345,65147.986000000004,gbm_transaction,oot,transaction
167,500,500,88,0.176,0.7394957983193278,0.7496639785399677,66123.067,gbm_transaction,oot,transaction
168,500,500,92,0.184,0.7931034482758621,0.857015023644023,67573.70000000001,gbm_transaction,oot,transaction
169,500,500,102,0.204,0.6986301369863014,0.6275895768325058,65394.11,gbm_transaction,oot,transaction
170,500,500,78,0.156,0.7722772277227723,0.7679427735052602,66647.01699999999,gbm_transaction,oot,transaction
171,500,500,54,0.108,0.7941176470588235,0.8658579629302932,60993.752,gbm_transaction,oot,transaction
172,500,500,61,0.122,0.7530864197530864,0.6759095165805371,82936.29699999999,gbm_transaction,oot,transaction
173,500,500,121,0.242,0.852112676056338,0.684115814499853,65939.21599999999,gbm_transaction,oot,transaction
174,500,500,65,0.13,0.7471264367816092,0.8794156400576602,72613.62400000001,gbm_transaction,oot,transaction
175,500,500,76,0.152,0.7037037037037037,0.7698764956353749,81358.492,gbm_transaction,oot,transaction
176,500,500,108,0.216,0.7448275862068966,0.8731346397097297,65703.825,gbm_transaction,oot,transaction
177,500,500,84,0.168,0.7706422018348624,0.7142317812924134,61686.11400000001,gbm_transaction,oot,transaction
178,500,500,80,0.16,0.9090909090909091,0.8605226192330558,53585.897,gbm_transaction,oot,transaction
179,500,500,56,0.112,0.8484848484848485,0.9477750877131367,61764.191999999995,gbm_transaction,oot,transaction
180,500,500,75,0.15,0.7653061224489796,0.7045046913246441,68366.615,gbm_transaction,oot,transaction
181,500,500,92,0.184,0.7540983606557377,0.7910566623416404,67886.51,gbm_transaction,oot,transaction
182,500,500,98,0.196,0.8235294117647058,0.636758337709726,74506.448,gbm_transaction,oot,transaction
152,50,50,26,0.52,0.29213483146067415,0.2318200731211716,5182.036,gbm_transaction,oot,entity_deduplicated
153,50,50,37,0.74,0.29365079365079366,0.15673426832031,1394.6019999999999,gbm_transaction,oot,entity_deduplicated
154,50,50,20,0.4,0.2127659574468085,0.10171429194779126,6180.227,gbm_transaction,oot,entity_deduplicated
155,50,50,31,0.62,0.2605042016806723,0.20639852882345044,2919.126,gbm_transaction,oot,entity_deduplicated
156,50,50,15,0.3,0.2777777777777778,0.1565167105100376,5208.174,gbm_transaction,oot,entity_deduplicated
157,50,50,21,0.42,0.30434782608695654,0.37177777942487433,6059.826000000001,gbm_transaction,oot,entity_deduplicated
158,50,50,25,0.5,0.30864197530864196,0.12918870091893098,3354.122,gbm_transaction,oot,entity_deduplicated
159,50,50,26,0.52,0.29213483146067415,0.17381867338360277,3146.678,gbm_transaction,oot,entity_deduplicated
160,50,50,29,0.58,0.3411764705882353,0.3692534669175628,4823.258999999999,gbm_transaction,oot,entity_deduplicated
161,50,50,23,0.46,0.3382352941176471,0.25066561809095006,3582.135,gbm_transaction,oot,entity_deduplicated
162,50,50,29,0.58,0.2543859649122807,0.234461908716414,1557.3139999999999,gbm_transaction,oot,entity_deduplicated
163,50,50,36,0.72,0.2647058823529412,0.17332318460304866,1767.527,gbm_transaction,oot,entity_deduplicated
164,50,50,17,0.34,0.22077922077922077,0.20986917877676886,3375.6049999999996,gbm_transaction,oot,entity_deduplicated
165,50,50,21,0.42,0.2876712328767123,0.12765114354610255,3720.98,gbm_transaction,oot,entity_deduplicated
166,50,50,22,0.44,0.23404255319148937,0.13386959396592438,3623.1430000000005,gbm_transaction,oot,entity_deduplicated
167,50,50,23,0.46,0.19327731092436976,0.13816785010183988,3628.634,gbm_transaction,oot,entity_deduplicated
168,50,50,23,0.46,0.19827586206896552,0.16142521726520753,3060.6139999999996,gbm_transaction,oot,entity_deduplicated
169,50,50,36,0.72,0.2465753424657534,0.15456424427605184,2573.8089999999997,gbm_transaction,oot,entity_deduplicated
170,50,50,26,0.52,0.25742574257425743,0.2491196291901916,2337.386,gbm_transaction,oot,entity_deduplicated
171,50,50,24,0.48,0.35294117647058826,0.28351512934312756,1660.7089999999998,gbm_transaction,oot,entity_deduplicated
172,50,50,25,0.5,0.30864197530864196,0.2353546585021522,8258.654,gbm_transaction,oot,entity_deduplicated
173,50,50,31,0.62,0.21830985915492956,0.12993584305940906,3438.99,gbm_transaction,oot,entity_deduplicated
174,50,50,24,0.48,0.27586206896551724,0.38900271101566286,4495.725,gbm_transaction,oot,entity_deduplicated
175,50,50,33,0.66,0.3055555555555556,0.20218406671620381,3589.481,gbm_transaction,oot,entity_deduplicated
176,50,50,37,0.74,0.25517241379310346,0.13336864300728254,1349.006,gbm_transaction,oot,entity_deduplicated
177,50,50,32,0.64,0.29357798165137616,0.16587908207074206,1925.609,gbm_transaction,oot,entity_deduplicated
178,50,50,35,0.7,0.3977272727272727,0.14553968326191583,3510.858,gbm_transaction,oot,entity_deduplicated
179,50,50,13,0.26,0.19696969696969696,0.06315169685757979,5115.067,gbm_transaction,oot,entity_deduplicated
180,50,50,23,0.46,0.23469387755102042,0.1301864468260847,3733.2599999999998,gbm_transaction,oot,entity_deduplicated
181,50,50,28,0.56,0.22950819672131148,0.19820331293325874,3663.116,gbm_transaction,oot,entity_deduplicated
182,50,50,32,0.64,0.2689075630252101,0.14194786126138237,3355.795,gbm_transaction,oot,entity_deduplicated
152,100,100,28,0.28,0.3146067415730337,0.2516180759873638,14010.826000000001,gbm_transaction,oot,entity_deduplicated
153,100,100,46,0.46,0.36507936507936506,0.21495794095325244,11021.226,gbm_transaction,oot,entity_deduplicated
154,100,100,28,0.28,0.2978723404255319,0.22205655815432132,14563.350999999999,gbm_transaction,oot,entity_deduplicated
155,100,100,43,0.43,0.36134453781512604,0.34020768512572014,13828.085000000001,gbm_transaction,oot,entity_deduplicated
156,100,100,21,0.21,0.3888888888888889,0.3490886876430744,14212.166,gbm_transaction,oot,entity_deduplicated
157,100,100,27,0.27,0.391304347826087,0.46772863964724576,12015.66,gbm_transaction,oot,entity_deduplicated
158,100,100,32,0.32,0.3950617283950617,0.24242988222435213,10719.025,gbm_transaction,oot,entity_deduplicated
159,100,100,39,0.39,0.43820224719101125,0.31176449468879036,9070.015,gbm_transaction,oot,entity_deduplicated
160,100,100,34,0.34,0.4,0.47269238321579554,12081.133,gbm_transaction,oot,entity_deduplicated
161,100,100,30,0.3,0.4411764705882353,0.5154373647157673,10508.367999999999,gbm_transaction,oot,entity_deduplicated
162,100,100,34,0.34,0.2982456140350877,0.2839534402407939,8832.61,gbm_transaction,oot,entity_deduplicated
163,100,100,41,0.41,0.3014705882352941,0.21350823121262696,9030.503,gbm_transaction,oot,entity_deduplicated
164,100,100,24,0.24,0.3116883116883117,0.2978096619884667,10383.624,gbm_transaction,oot,entity_deduplicated
165,100,100,27,0.27,0.3698630136986301,0.20295480470716729,12223.974999999999,gbm_transaction,oot,entity_deduplicated
166,100,100,28,0.28,0.2978723404255319,0.16125361873687055,12883.628,gbm_transaction,oot,entity_deduplicated
167,100,100,36,0.36,0.3025210084033613,0.3123810947788556,14296.838,gbm_transaction,oot,entity_deduplicated
168,100,100,34,0.34,0.29310344827586204,0.2147892527142025,12204.989,gbm_transaction,oot,entity_deduplicated
169,100,100,42,0.42,0.2876712328767123,0.26468227535020106,12509.208,gbm_transaction,oot,entity_deduplicated
170,100,100,33,0.33,0.32673267326732675,0.31851150740101014,8642.571,gbm_transaction,oot,entity_deduplicated
171,100,100,36,0.36,0.5294117647058824,0.5650542812407048,8047.46,gbm_transaction,oot,entity_deduplicated
172,100,100,35,0.35,0.43209876543209874,0.4524729191160698,17306.364999999998,gbm_transaction,oot,entity_deduplicated
173,100,100,46,0.46,0.323943661971831,0.26843840620411424,8184.490999999999,gbm_transaction,oot,entity_deduplicated
174,100,100,32,0.32,0.367816091954023,0.5123652260435911,15215.575,gbm_transaction,oot,entity_deduplicated
175,100,100,41,0.41,0.37962962962962965,0.3561594969902322,14461.856,gbm_transaction,oot,entity_deduplicated
176,100,100,47,0.47,0.32413793103448274,0.4352715194486254,8047.877,gbm_transaction,oot,entity_deduplicated
177,100,100,42,0.42,0.3853211009174312,0.28557959172367947,7214.161,gbm_transaction,oot,entity_deduplicated
178,100,100,42,0.42,0.4772727272727273,0.39244883611371323,9956.014000000001,gbm_transaction,oot,entity_deduplicated
179,100,100,21,0.21,0.3181818181818182,0.30667396115361767,11832.515,gbm_transaction,oot,entity_deduplicated
180,100,100,30,0.3,0.30612244897959184,0.2761906434979624,12552.429,gbm_transaction,oot,entity_deduplicated
181,100,100,38,0.38,0.3114754098360656,0.2997067374033553,10256.362,gbm_transaction,oot,entity_deduplicated
182,100,100,43,0.43,0.36134453781512604,0.24737947959389495,10195.011999999999,gbm_transaction,oot,entity_deduplicated
152,250,250,40,0.16,0.449438202247191,0.3644872296720309,41267.508,gbm_transaction,oot,entity_deduplicated
153,250,250,57,0.228,0.4523809523809524,0.4167144619768272,44895.773,gbm_transaction,oot,entity_deduplicated
154,250,250,43,0.172,0.4574468085106383,0.4476618510238923,39295.596,gbm_transaction,oot,entity_deduplicated
155,250,250,55,0.22,0.46218487394957986,0.4885767319533658,49582.167,gbm_transaction,oot,entity_deduplicated
156,250,250,25,0.1,0.46296296296296297,0.4412460787914766,41631.334,gbm_transaction,oot,entity_deduplicated
157,250,250,33,0.132,0.4782608695652174,0.5205347643308067,31151.52,gbm_transaction,oot,entity_deduplicated
158,250,250,37,0.148,0.4567901234567901,0.2985607758550991,34082.271,gbm_transaction,oot,entity_deduplicated
159,250,250,44,0.176,0.4943820224719101,0.3699640123796445,31411.743,gbm_transaction,oot,entity_deduplicated
160,250,250,39,0.156,0.4588235294117647,0.5364681247870187,36808.384,gbm_transaction,oot,entity_deduplicated
161,250,250,30,0.12,0.4411764705882353,0.5154373647157673,36152.036,gbm_transaction,oot,entity_deduplicated
162,250,250,47,0.188,0.41228070175438597,0.48900597707315585,32766.391,gbm_transaction,oot,entity_deduplicated
163,250,250,50,0.2,0.36764705882352944,0.2628287765748464,32154.341,gbm_transaction,oot,entity_deduplicated
164,250,250,31,0.124,0.4025974025974026,0.37425011644814,31505.938,gbm_transaction,oot,entity_deduplicated
165,250,250,37,0.148,0.5068493150684932,0.45542530873701237,35881.938,gbm_transaction,oot,entity_deduplicated
166,250,250,40,0.16,0.425531914893617,0.47827556194902493,33242.172999999995,gbm_transaction,oot,entity_deduplicated
167,250,250,48,0.192,0.40336134453781514,0.4338708282273949,37944.326,gbm_transaction,oot,entity_deduplicated
168,250,250,49,0.196,0.4224137931034483,0.3945288090346894,38927.295999999995,gbm_transaction,oot,entity_deduplicated
169,250,250,55,0.22,0.3767123287671233,0.4217421419515439,36019.793000000005,gbm_transaction,oot,entity_deduplicated
170,250,250,43,0.172,0.42574257425742573,0.4469095272958935,36041.861999999994,gbm_transaction,oot,entity_deduplicated
171,250,250,40,0.16,0.5882352941176471,0.6583833318725636,33894.015,gbm_transaction,oot,entity_deduplicated
172,250,250,40,0.16,0.49382716049382713,0.4937783943576386,41390.77,gbm_transaction,oot,entity_deduplicated
173,250,250,61,0.244,0.4295774647887324,0.4123406896062655,33965.782,gbm_transaction,oot,entity_deduplicated
174,250,250,37,0.148,0.42528735632183906,0.5685059292207433,40120.51,gbm_transaction,oot,entity_deduplicated
175,250,250,50,0.2,0.46296296296296297,0.4819421027730915,43606.853,gbm_transaction,oot,entity_deduplicated
176,250,250,56,0.224,0.38620689655172413,0.5607949641495221,34621.130000000005,gbm_transaction,oot,entity_deduplicated
177,250,250,53,0.212,0.48623853211009177,0.5652936044096059,29774.483,gbm_transaction,oot,entity_deduplicated
178,250,250,54,0.216,0.6136363636363636,0.5787755851117156,26485.730000000003,gbm_transaction,oot,entity_deduplicated
179,250,250,32,0.128,0.48484848484848486,0.6078613724694264,32785.094,gbm_transaction,oot,entity_deduplicated
180,250,250,39,0.156,0.3979591836734694,0.3097768120862419,37253.354,gbm_transaction,oot,entity_deduplicated
181,250,250,53,0.212,0.4344262295081967,0.41121317369637467,30236.601,gbm_transaction,oot,entity_deduplicated
182,250,250,58,0.232,0.48739495798319327,0.4113881766524138,35960.784,gbm_transaction,oot,entity_deduplicated
152,500,500,50,0.1,0.5617977528089888,0.45411024201620886,99628.782,gbm_transaction,oot,entity_deduplicated
153,500,500,65,0.13,0.5158730158730159,0.5495323412728903,93085.269,gbm_transaction,oot,entity_deduplicated
154,500,500,46,0.092,0.48936170212765956,0.50033419381683,83807.199,gbm_transaction,oot,entity_deduplicated
155,500,500,64,0.128,0.5378151260504201,0.6582582441324474,97506.001,gbm_transaction,oot,entity_deduplicated
156,500,500,26,0.052,0.48148148148148145,0.471162825936223,98213.70300000001,gbm_transaction,oot,entity_deduplicated
157,500,500,42,0.084,0.6086956521739131,0.6442466880444824,63406.137,gbm_transaction,oot,entity_deduplicated
158,500,500,47,0.094,0.5802469135802469,0.5762713548220861,77160.617,gbm_transaction,oot,entity_deduplicated
159,500,500,55,0.11,0.6179775280898876,0.5343256990578108,74240.81700000001,gbm_transaction,oot,entity_deduplicated
160,500,500,50,0.1,0.5882352941176471,0.6640697988751946,80611.725,gbm_transaction,oot,entity_deduplicated
161,500,500,37,0.074,0.5441176470588235,0.6484174734555352,77312.794,gbm_transaction,oot,entity_deduplicated
162,500,500,51,0.102,0.4473684210526316,0.5211169209389116,76977.02500000001,gbm_transaction,oot,entity_deduplicated
163,500,500,58,0.116,0.4264705882352941,0.3868688133871887,72275.093,gbm_transaction,oot,entity_deduplicated
164,500,500,35,0.07,0.45454545454545453,0.4556246916723692,69855.72799999999,gbm_transaction,oot,entity_deduplicated
165,500,500,40,0.08,0.547945205479452,0.47104267069765926,87769.699,gbm_transaction,oot,entity_deduplicated
166,500,500,49,0.098,0.5212765957446809,0.6349691821666789,79151.777,gbm_transaction,oot,entity_deduplicated
167,500,500,56,0.112,0.47058823529411764,0.5186840346613204,79259.609,gbm_transaction,oot,entity_deduplicated
168,500,500,56,0.112,0.4827586206896552,0.47882510183562826,80719.20999999999,gbm_transaction,oot,entity_deduplicated
169,500,500,60,0.12,0.410958904109589,0.5107763694690481,86031.234,gbm_transaction,oot,entity_deduplicated
170,500,500,50,0.1,0.49504950495049505,0.473048183422083,78004.092,gbm_transaction,oot,entity_deduplicated
171,500,500,42,0.084,0.6176470588235294,0.6688858695482295,63928.242,gbm_transaction,oot,entity_deduplicated
172,500,500,46,0.092,0.5679012345679012,0.7038815557057724,85060.081,gbm_transaction,oot,entity_deduplicated
173,500,500,66,0.132,0.4647887323943662,0.4752284083320218,71013.137,gbm_transaction,oot,entity_deduplicated
174,500,500,44,0.088,0.5057471264367817,0.6372815969762833,86817.987,gbm_transaction,oot,entity_deduplicated
175,500,500,58,0.116,0.5370370370370371,0.5729789079633635,88742.775,gbm_transaction,oot,entity_deduplicated
176,500,500,68,0.136,0.4689655172413793,0.6249771519199477,83427.1,gbm_transaction,oot,entity_deduplicated
177,500,500,62,0.124,0.5688073394495413,0.6744569703348753,74724.89600000001,gbm_transaction,oot,entity_deduplicated
178,500,500,60,0.12,0.6818181818181818,0.7465166301245794,56168.595,gbm_transaction,oot,entity_deduplicated
179,500,500,38,0.076,0.5757575757575758,0.6558813278580354,66195.023,gbm_transaction,oot,entity_deduplicated
180,500,500,48,0.096,0.4897959183673469,0.3931577712231433,87634.58,gbm_transaction,oot,entity_deduplicated
181,500,500,63,0.126,0.5163934426229508,0.5291069052325442,83601.519,gbm_transaction,oot,entity_deduplicated
182,500,500,65,0.13,0.5462184873949579,0.581522339592332,94242.945,gbm_transaction,oot,entity_deduplicated
130,50,50,25,0.5,0.373134328358209,0.20266126024770303,4456.919,gbm_plus_identity,policy,transaction
131,50,50,28,0.56,0.26666666666666666,0.16968206209461767,333.048,gbm_plus_identity,policy,transaction
132,50,50,20,0.4,0.18518518518518517,0.1044655464235685,4554.880000000001,gbm_plus_identity,policy,transaction
133,50,50,39,0.78,0.2867647058823529,0.20606915778441584,656.414,gbm_plus_identity,policy,transaction
134,50,50,40,0.8,0.3883495145631068,0.43305351692771366,788.877,gbm_plus_identity,policy,transaction
135,50,50,37,0.74,0.4111111111111111,0.43906395511930085,1206.0030000000002,gbm_plus_identity,policy,transaction
136,50,50,24,0.48,0.3287671232876712,0.3554617374255928,5441.866,gbm_plus_identity,policy,transaction
137,50,50,23,0.46,0.3333333333333333,0.4710090696901437,3293.563,gbm_plus_identity,policy,transaction
138,50,50,38,0.76,0.3392857142857143,0.27333817664812526,1405.06,gbm_plus_identity,policy,transaction
139,50,50,17,0.34,0.2786885245901639,0.23677949810791674,2381.4199999999996,gbm_plus_identity,policy,transaction
140,50,50,36,0.72,0.34951456310679613,0.27795091416394385,1323.0559999999998,gbm_plus_identity,policy,transaction
141,50,50,32,0.64,0.24427480916030533,0.12082762967887607,2825.057,gbm_plus_identity,policy,transaction
142,50,50,31,0.62,0.30097087378640774,0.2972271570264162,2967.1079999999997,gbm_plus_identity,policy,transaction
143,50,50,23,0.46,0.323943661971831,0.1695183413302513,5109.976000000001,gbm_plus_identity,policy,transaction
144,50,50,27,0.54,0.3,0.35465697693146025,1624.119,gbm_plus_identity,policy,transaction
145,50,50,18,0.36,0.26865671641791045,0.17624103360221954,4824.075,gbm_plus_identity,policy,transaction
146,50,50,28,0.56,0.2857142857142857,0.17721601578253798,3204.457,gbm_plus_identity,policy,transaction
147,50,50,18,0.36,0.22784810126582278,0.19504660698804216,2994.935,gbm_plus_identity,policy,transaction
148,50,50,28,0.56,0.32558139534883723,0.3490267115512952,1549.3929999999998,gbm_plus_identity,policy,transaction
149,50,50,24,0.48,0.36363636363636365,0.30094773075232134,2947.5559999999996,gbm_plus_identity,policy,transaction
150,50,50,15,0.3,0.21739130434782608,0.13513741337295873,4193.835999999999,gbm_plus_identity,policy,transaction
151,50,50,36,0.72,0.36363636363636365,0.2985226668128468,1759.4370000000001,gbm_plus_identity,policy,transaction
152,50,50,20,0.4,0.6451612903225806,0.3624970038385717,9522.823,gbm_plus_identity,policy,transaction
130,100,100,31,0.31,0.4626865671641791,0.32716696296314857,14045.64,gbm_plus_identity,policy,transaction
131,100,100,54,0.54,0.5142857142857142,0.43378616338798665,7111.707,gbm_plus_identity,policy,transaction
132,100,100,38,0.38,0.35185185185185186,0.3968365037482177,9360.436,gbm_plus_identity,policy,transaction
133,100,100,59,0.59,0.4338235294117647,0.3777784866832138,5176.268,gbm_plus_identity,policy,transaction
134,100,100,56,0.56,0.5436893203883495,0.5813653036969376,5523.384,gbm_plus_identity,policy,transaction
135,100,100,49,0.49,0.5444444444444444,0.7013923672209159,5457.512000000001,gbm_plus_identity,policy,transaction
136,100,100,35,0.35,0.4794520547945205,0.5744238370445024,12189.973,gbm_plus_identity,policy,transaction
137,100,100,29,0.29,0.42028985507246375,0.5496311496077556,9541.405,gbm_plus_identity,policy,transaction
138,100,100,52,0.52,0.4642857142857143,0.4469886704476319,6361.030000000001,gbm_plus_identity,policy,transaction
139,100,100,24,0.24,0.39344262295081966,0.3530088016321206,9785.211,gbm_plus_identity,policy,transaction
140,100,100,50,0.5,0.4854368932038835,0.35926196493325,7589.991999999999,gbm_plus_identity,policy,transaction
141,100,100,48,0.48,0.366412213740458,0.31730487945187386,6544.580000000001,gbm_plus_identity,policy,transaction
142,100,100,40,0.4,0.3883495145631068,0.3685754266408238,11410.432,gbm_plus_identity,policy,transaction
143,100,100,30,0.3,0.4225352112676056,0.34152007090053516,15578.202000000001,gbm_plus_identity,policy,transaction
144,100,100,38,0.38,0.4222222222222222,0.5449985120055525,9085.580000000002,gbm_plus_identity,policy,transaction
145,100,100,26,0.26,0.3880597014925373,0.2966579691654297,14136.901999999998,gbm_plus_identity,policy,transaction
146,100,100,33,0.33,0.336734693877551,0.2221475280274482,10007.487000000001,gbm_plus_identity,policy,transaction
147,100,100,21,0.21,0.26582278481012656,0.31785537145195586,10663.756,gbm_plus_identity,policy,transaction
148,100,100,36,0.36,0.4186046511627907,0.438304259099192,8695.705,gbm_plus_identity,policy,transaction
149,100,100,27,0.27,0.4090909090909091,0.34080437205443187,10786.536,gbm_plus_identity,policy,transaction
150,100,100,23,0.23,0.3333333333333333,0.18179291440531306,15124.898000000001,gbm_plus_identity,policy,transaction
151,100,100,48,0.48,0.48484848484848486,0.5339596255822263,5875.971,gbm_plus_identity,policy,transaction
152,100,100,24,0.24,0.7741935483870968,0.6496932588981639,17790.254000000004,gbm_plus_identity,policy,transaction
130,250,250,48,0.192,0.7164179104477612,0.8021030786018815,34196.004,gbm_plus_identity,policy,transaction
131,250,250,76,0.304,0.7238095238095238,0.6922885180018986,26410.813000000002,gbm_plus_identity,policy,transaction
132,250,250,64,0.256,0.5925925925925926,0.7134958684127718,26176.262000000002,gbm_plus_identity,policy,transaction
133,250,250,91,0.364,0.6691176470588235,0.7280148140651898,25485.739999999998,gbm_plus_identity,policy,transaction
134,250,250,66,0.264,0.6407766990291263,0.6659446902495467,22345.989,gbm_plus_identity,policy,transaction
135,250,250,61,0.244,0.6777777777777778,0.787632428818502,23831.342,gbm_plus_identity,policy,transaction
136,250,250,46,0.184,0.6301369863013698,0.71789380977502,35695.222,gbm_plus_identity,policy,transaction
137,250,250,42,0.168,0.6086956521739131,0.695037328107597,26922.928999999996,gbm_plus_identity,policy,transaction
138,250,250,76,0.304,0.6785714285714286,0.601621971047425,23541.657,gbm_plus_identity,policy,transaction
139,250,250,29,0.116,0.47540983606557374,0.39449666416285667,35910.781,gbm_plus_identity,policy,transaction
140,250,250,75,0.3,0.7281553398058253,0.627996013022004,39972.886,gbm_plus_identity,policy,transaction
141,250,250,68,0.272,0.5190839694656488,0.5699967918986535,33276.478,gbm_plus_identity,policy,transaction
142,250,250,64,0.256,0.6213592233009708,0.6521314960628732,35549.369999999995,gbm_plus_identity,policy,transaction
143,250,250,54,0.216,0.7605633802816901,0.7840350889532953,34414.891,gbm_plus_identity,policy,transaction
144,250,250,59,0.236,0.6555555555555556,0.7285128300776519,29055.513,gbm_plus_identity,policy,transaction
145,250,250,40,0.16,0.5970149253731343,0.6293016898562221,42235.06,gbm_plus_identity,policy,transaction
146,250,250,56,0.224,0.5714285714285714,0.5046866397288061,29339.373,gbm_plus_identity,policy,transaction
147,250,250,33,0.132,0.4177215189873418,0.4177087254539605,34948.773,gbm_plus_identity,policy,transaction
148,250,250,47,0.188,0.5465116279069767,0.6388280893649508,30960.968999999997,gbm_plus_identity,policy,transaction
149,250,250,42,0.168,0.6363636363636364,0.6368065318129335,32309.674,gbm_plus_identity,policy,transaction
150,250,250,37,0.148,0.5362318840579711,0.5841875035015751,41595.629,gbm_plus_identity,policy,transaction
151,250,250,64,0.256,0.6464646464646465,0.6109832419558944,23903.599,gbm_plus_identity,policy,transaction
152,250,250,29,0.116,0.9354838709677419,0.9854209398672823,37601.424,gbm_plus_identity,policy,transaction
130,500,500,60,0.12,0.8955223880597015,0.9043888420466215,73175.83499999999,gbm_plus_identity,policy,transaction
131,500,500,84,0.168,0.8,0.9060208356771877,75326.945,gbm_plus_identity,policy,transaction
132,500,500,82,0.164,0.7592592592592593,0.8633355717748922,57489.016,gbm_plus_identity,policy,transaction
133,500,500,114,0.228,0.8382352941176471,0.9056557336567442,65801.878,gbm_plus_identity,policy,transaction
134,500,500,79,0.158,0.7669902912621359,0.7987698733437562,62371.732,gbm_plus_identity,policy,transaction
135,500,500,69,0.138,0.7666666666666667,0.8361290980691454,61893.35400000001,gbm_plus_identity,policy,transaction
136,500,500,54,0.108,0.7397260273972602,0.8073608902081824,72874.748,gbm_plus_identity,policy,transaction
137,500,500,50,0.1,0.7246376811594203,0.8324207467490463,69205.45599999999,gbm_plus_identity,policy,transaction
138,500,500,86,0.172,0.7678571428571429,0.7122545232897861,59497.769,gbm_plus_identity,policy,transaction
139,500,500,38,0.076,0.6229508196721312,0.4974347441145715,71822.394,gbm_plus_identity,policy,transaction
140,500,500,83,0.166,0.8058252427184466,0.7300139295836832,80379.046,gbm_plus_identity,policy,transaction
141,500,500,95,0.19,0.7251908396946565,0.7484209947434857,70613.938,gbm_plus_identity,policy,transaction
142,500,500,80,0.16,0.7766990291262136,0.7998718919971409,84415.546,gbm_plus_identity,policy,transaction
143,500,500,61,0.122,0.8591549295774648,0.8465709751303933,69412.55099999999,gbm_plus_identity,policy,transaction
144,500,500,73,0.146,0.8111111111111111,0.9114719273488652,72669.876,gbm_plus_identity,policy,transaction
145,500,500,48,0.096,0.7164179104477612,0.7339476652561329,79203.01000000001,gbm_plus_identity,policy,transaction
146,500,500,75,0.15,0.7653061224489796,0.7729259945216647,71255.694,gbm_plus_identity,policy,transaction
147,500,500,48,0.096,0.6075949367088608,0.6018207605369572,79756.759,gbm_plus_identity,policy,transaction
148,500,500,61,0.122,0.7093023255813954,0.7809712321682638,77863.23999999999,gbm_plus_identity,policy,transaction
149,500,500,49,0.098,0.7424242424242424,0.7947902342221298,70481.199,gbm_plus_identity,policy,transaction
150,500,500,46,0.092,0.6666666666666666,0.7146310072251951,72958.624,gbm_plus_identity,policy,transaction
151,500,500,79,0.158,0.797979797979798,0.8138994370909648,69842.077,gbm_plus_identity,policy,transaction
152,500,500,29,0.058,0.9354838709677419,0.9854209398672823,68239.46100000001,gbm_plus_identity,policy,transaction
130,50,50,23,0.46,0.34328358208955223,0.20950886195841323,5547.058,gbm_plus_identity,policy,entity_deduplicated
131,50,50,29,0.58,0.2761904761904762,0.20684613357259188,2156.905,gbm_plus_identity,policy,entity_deduplicated
132,50,50,19,0.38,0.17592592592592593,0.1419860600663426,4098.873,gbm_plus_identity,policy,entity_deduplicated
133,50,50,34,0.68,0.25,0.17436354010657273,1374.498,gbm_plus_identity,policy,entity_deduplicated
134,50,50,37,0.74,0.3592233009708738,0.4189375191056265,1292.9160000000002,gbm_plus_identity,policy,entity_deduplicated
135,50,50,29,0.58,0.32222222222222224,0.39716708867526795,2389.134,gbm_plus_identity,policy,entity_deduplicated
136,50,50,25,0.5,0.3424657534246575,0.36238614203752106,5858.855,gbm_plus_identity,policy,entity_deduplicated
137,50,50,21,0.42,0.30434782608695654,0.33464857508405815,5539.063,gbm_plus_identity,policy,entity_deduplicated
138,50,50,33,0.66,0.29464285714285715,0.18594286080920833,2212.551,gbm_plus_identity,policy,entity_deduplicated
139,50,50,15,0.3,0.2459016393442623,0.23018329647842406,3348.839,gbm_plus_identity,policy,entity_deduplicated
140,50,50,30,0.6,0.2912621359223301,0.2085317468219024,3213.7099999999996,gbm_plus_identity,policy,entity_deduplicated
141,50,50,30,0.6,0.22900763358778625,0.19761834837856052,2931.335,gbm_plus_identity,policy,entity_deduplicated
142,50,50,28,0.56,0.27184466019417475,0.30414467245510524,5764.244,gbm_plus_identity,policy,entity_deduplicated
143,50,50,18,0.36,0.2535211267605634,0.28034605473245894,6457.1759999999995,gbm_plus_identity,policy,entity_deduplicated
144,50,50,23,0.46,0.25555555555555554,0.29126962898325504,3625.0130000000004,gbm_plus_identity,policy,entity_deduplicated
145,50,50,16,0.32,0.23880597014925373,0.14224801429054934,4777.934,gbm_plus_identity,policy,entity_deduplicated
146,50,50,21,0.42,0.21428571428571427,0.16956741015504256,4416.058,gbm_plus_identity,policy,entity_deduplicated
147,50,50,13,0.26,0.16455696202531644,0.13409201771639426,4901.601000000001,gbm_plus_identity,policy,entity_deduplicated
148,50,50,26,0.52,0.3023255813953488,0.34154100466447807,2844.91,gbm_plus_identity,policy,entity_deduplicated
149,50,50,21,0.42,0.3181818181818182,0.2677479598625287,4559.084000000001,gbm_plus_identity,policy,entity_deduplicated
150,50,50,14,0.28,0.2028985507246377,0.10189069637270226,6493.058999999999,gbm_plus_identity,policy,entity_deduplicated
151,50,50,28,0.56,0.2828282828282828,0.3394624772331501,2830.122,gbm_plus_identity,policy,entity_deduplicated
152,50,50,19,0.38,0.6129032258064516,0.5680457463672068,9820.253,gbm_plus_identity,policy,entity_deduplicated
130,100,100,28,0.28,0.417910447761194,0.45245527259485135,15048.692,gbm_plus_identity,policy,entity_deduplicated
131,100,100,41,0.41,0.3904761904761905,0.35347087358103446,8785.121,gbm_plus_identity,policy,entity_deduplicated
132,100,100,28,0.28,0.25925925925925924,0.23770769816478488,10968.964,gbm_plus_identity,policy,entity_deduplicated
133,100,100,46,0.46,0.3382352941176471,0.28222385328185295,8417.492,gbm_plus_identity,policy,entity_deduplicated
134,100,100,45,0.45,0.4368932038834951,0.5010540350862747,7228.1849999999995,gbm_plus_identity,policy,entity_deduplicated
135,100,100,35,0.35,0.3888888888888889,0.46703376959835907,7309.566,gbm_plus_identity,policy,entity_deduplicated
136,100,100,33,0.33,0.4520547945205479,0.48391036568402035,15829.493,gbm_plus_identity,policy,entity_deduplicated
137,100,100,24,0.24,0.34782608695652173,0.3850753949310078,11053.386999999999,gbm_plus_identity,policy,entity_deduplicated
138,100,100,46,0.46,0.4107142857142857,0.2838398231196455,8139.4039999999995,gbm_plus_identity,policy,entity_deduplicated
139,100,100,21,0.21,0.3442622950819672,0.314757521556131,12579.136999999999,gbm_plus_identity,policy,entity_deduplicated
140,100,100,42,0.42,0.4077669902912621,0.3483176198872633,11208.279,gbm_plus_identity,policy,entity_deduplicated
141,100,100,37,0.37,0.2824427480916031,0.37313801830529886,10614.501,gbm_plus_identity,policy,entity_deduplicated
142,100,100,35,0.35,0.33980582524271846,0.36170624958618275,11564.009,gbm_plus_identity,policy,entity_deduplicated
143,100,100,28,0.28,0.39436619718309857,0.4801127182277531,14131.533000000001,gbm_plus_identity,policy,entity_deduplicated
144,100,100,31,0.31,0.34444444444444444,0.37211901551559196,9679.389,gbm_plus_identity,policy,entity_deduplicated
145,100,100,23,0.23,0.34328358208955223,0.2528740425684627,13331.137999999999,gbm_plus_identity,policy,entity_deduplicated
146,100,100,29,0.29,0.29591836734693877,0.26539812119982226,12797.815999999999,gbm_plus_identity,policy,entity_deduplicated
147,100,100,17,0.17,0.21518987341772153,0.29123090749722114,12275.377999999999,gbm_plus_identity,policy,entity_deduplicated
148,100,100,33,0.33,0.38372093023255816,0.49421166876449574,11275.521,gbm_plus_identity,policy,entity_deduplicated
149,100,100,26,0.26,0.3939393939393939,0.37741613719321593,11334.19,gbm_plus_identity,policy,entity_deduplicated
150,100,100,20,0.2,0.2898550724637681,0.13906495993684057,15489.489999999998,gbm_plus_identity,policy,entity_deduplicated
151,100,100,32,0.32,0.32323232323232326,0.42227142389398403,10109.411,gbm_plus_identity,policy,entity_deduplicated
152,100,100,22,0.22,0.7096774193548387,0.6431421688762431,19249.046,gbm_plus_identity,policy,entity_deduplicated
130,250,250,39,0.156,0.582089552238806,0.7018836646884334,34472.759999999995,gbm_plus_identity,policy,entity_deduplicated
131,250,250,53,0.212,0.5047619047619047,0.5538810311225211,35441.736000000004,gbm_plus_identity,policy,entity_deduplicated
132,250,250,40,0.16,0.37037037037037035,0.41463328929271176,30183.311999999998,gbm_plus_identity,policy,entity_deduplicated
133,250,250,67,0.268,0.49264705882352944,0.528460766564072,30703.549000000003,gbm_plus_identity,policy,entity_deduplicated
134,250,250,54,0.216,0.5242718446601942,0.5985359226949772,32846.453,gbm_plus_identity,policy,entity_deduplicated
135,250,250,41,0.164,0.45555555555555555,0.5100426986059737,30488.886,gbm_plus_identity,policy,entity_deduplicated
136,250,250,39,0.156,0.5342465753424658,0.5836915897662015,37450.117,gbm_plus_identity,policy,entity_deduplicated
137,250,250,31,0.124,0.4492753623188406,0.4945487284179381,29752.197999999997,gbm_plus_identity,policy,entity_deduplicated
138,250,250,59,0.236,0.5267857142857143,0.40900589686351363,26090.862,gbm_plus_identity,policy,entity_deduplicated
139,250,250,26,0.104,0.4262295081967213,0.36669248302109547,36372.448,gbm_plus_identity,policy,entity_deduplicated
140,250,250,53,0.212,0.5145631067961165,0.46953982695241125,40605.47,gbm_plus_identity,policy,entity_deduplicated
141,250,250,52,0.208,0.3969465648854962,0.502865922936274,37695.59,gbm_plus_identity,policy,entity_deduplicated
142,250,250,49,0.196,0.47572815533980584,0.5431716730190277,45218.687999999995,gbm_plus_identity,policy,entity_deduplicated
143,250,250,35,0.14,0.49295774647887325,0.6244517813796505,33341.04,gbm_plus_identity,policy,entity_deduplicated
144,250,250,40,0.16,0.4444444444444444,0.4244523913694836,35395.515,gbm_plus_identity,policy,entity_deduplicated
145,250,250,31,0.124,0.4626865671641791,0.46585804861237007,34983.216,gbm_plus_identity,policy,entity_deduplicated
146,250,250,42,0.168,0.42857142857142855,0.43282916892504586,38411.877,gbm_plus_identity,policy,entity_deduplicated
147,250,250,31,0.124,0.3924050632911392,0.43481665663521046,38231.016,gbm_plus_identity,policy,entity_deduplicated
148,250,250,39,0.156,0.45348837209302323,0.6085087555091621,37716.364,gbm_plus_identity,policy,entity_deduplicated
149,250,250,35,0.14,0.5303030303030303,0.5228524399687688,35289.316999999995,gbm_plus_identity,policy,entity_deduplicated
150,250,250,27,0.108,0.391304347826087,0.5068565338492449,40684.312,gbm_plus_identity,policy,entity_deduplicated
151,250,250,42,0.168,0.42424242424242425,0.5521618253890587,35921.796,gbm_plus_identity,policy,entity_deduplicated
152,250,250,24,0.096,0.7741935483870968,0.6852879793551733,40887.272,gbm_plus_identity,policy,entity_deduplicated
130,500,500,42,0.084,0.6268656716417911,0.721588320364359,78031.701,gbm_plus_identity,policy,entity_deduplicated
131,500,500,58,0.116,0.5523809523809524,0.5760059718536908,83337.43900000001,gbm_plus_identity,policy,entity_deduplicated
132,500,500,48,0.096,0.4444444444444444,0.4621410615807487,69877.387,gbm_plus_identity,policy,entity_deduplicated
133,500,500,79,0.158,0.5808823529411765,0.6014178993649675,70410.514,gbm_plus_identity,policy,entity_deduplicated
134,500,500,63,0.126,0.6116504854368932,0.7111578476540311,78712.19,gbm_plus_identity,policy,entity_deduplicated
135,500,500,49,0.098,0.5444444444444444,0.5557865874697705,70810.074,gbm_plus_identity,policy,entity_deduplicated
136,500,500,50,0.1,0.684931506849315,0.7002304881473548,70910.507,gbm_plus_identity,policy,entity_deduplicated
137,500,500,39,0.078,0.5652173913043478,0.5537615135344498,77831.023,gbm_plus_identity,policy,entity_deduplicated
138,500,500,66,0.132,0.5892857142857143,0.5032007042963269,66198.008,gbm_plus_identity,policy,entity_deduplicated
139,500,500,33,0.066,0.5409836065573771,0.44793624634622736,78433.569,gbm_plus_identity,policy,entity_deduplicated
140,500,500,61,0.122,0.5922330097087378,0.6389425180073128,78141.101,gbm_plus_identity,policy,entity_deduplicated
141,500,500,61,0.122,0.46564885496183206,0.6380377124325286,81067.101,gbm_plus_identity,policy,entity_deduplicated
142,500,500,56,0.112,0.5436893203883495,0.6393205449552156,87043.21399999999,gbm_plus_identity,policy,entity_deduplicated
143,500,500,43,0.086,0.6056338028169014,0.7627118973482266,76414.429,gbm_plus_identity,policy,entity_deduplicated
144,500,500,48,0.096,0.5333333333333333,0.5758612118170056,81958.378,gbm_plus_identity,policy,entity_deduplicated
145,500,500,38,0.076,0.5671641791044776,0.5700132349692761,75758.721,gbm_plus_identity,policy,entity_deduplicated
146,500,500,48,0.096,0.4897959183673469,0.4895134145579186,79897.63,gbm_plus_identity,policy,entity_deduplicated
147,500,500,35,0.07,0.4430379746835443,0.4485914913211393,80727.35800000001,gbm_plus_identity,policy,entity_deduplicated
148,500,500,50,0.1,0.5813953488372093,0.6716620230384996,85087.761,gbm_plus_identity,policy,entity_deduplicated
149,500,500,42,0.084,0.6363636363636364,0.6736765122813267,75362.439,gbm_plus_identity,policy,entity_deduplicated
150,500,500,36,0.072,0.5217391304347826,0.6032290048125133,75251.944,gbm_plus_identity,policy,entity_deduplicated
151,500,500,46,0.092,0.46464646464646464,0.6022249002127494,83143.733,gbm_plus_identity,policy,entity_deduplicated
152,500,500,25,0.05,0.8064516129032258,0.6928969708985439,68589.32800000001,gbm_plus_identity,policy,entity_deduplicated
152,50,50,25,0.5,0.2808988764044944,0.2227828187837865,6604.755,gbm_plus_identity,oot,transaction
153,50,50,50,1.0,0.3968253968253968,0.07423797256012171,0.0,gbm_plus_identity,oot,transaction
154,50,50,27,0.54,0.2872340425531915,0.12159169447719198,1819.612,gbm_plus_identity,oot,transaction
155,50,50,40,0.8,0.33613445378151263,0.21909103238772676,266.061,gbm_plus_identity,oot,transaction
156,50,50,22,0.44,0.4074074074074074,0.2415168112075356,2906.33,gbm_plus_identity,oot,transaction
157,50,50,20,0.4,0.2898550724637681,0.3730671864903345,11324.234,gbm_plus_identity,oot,transaction
158,50,50,26,0.52,0.32098765432098764,0.12255276991384356,3893.599,gbm_plus_identity,oot,transaction
159,50,50,32,0.64,0.3595505617977528,0.27219202971631057,2590.928,gbm_plus_identity,oot,transaction
160,50,50,28,0.56,0.32941176470588235,0.2605304860097875,5566.374,gbm_plus_identity,oot,transaction
161,50,50,24,0.48,0.35294117647058826,0.20304737533971876,2297.4839999999995,gbm_plus_identity,oot,transaction
162,50,50,43,0.86,0.37719298245614036,0.2723361198565325,147.26200000000003,gbm_plus_identity,oot,transaction
163,50,50,41,0.82,0.3014705882352941,0.13714074868653517,347.69100000000003,gbm_plus_identity,oot,transaction
164,50,50,22,0.44,0.2857142857142857,0.33890387129168453,3529.0,gbm_plus_identity,oot,transaction
165,50,50,24,0.48,0.3287671232876712,0.18996714393342007,3144.7169999999996,gbm_plus_identity,oot,transaction
166,50,50,30,0.6,0.3191489361702128,0.15729397705929427,2945.601,gbm_plus_identity,oot,transaction
167,50,50,33,0.66,0.2773109243697479,0.09397571469305196,926.3789999999999,gbm_plus_identity,oot,transaction
168,50,50,28,0.56,0.2413793103448276,0.16142376853154558,2180.561,gbm_plus_identity,oot,transaction
169,50,50,50,1.0,0.3424657534246575,0.1740086414963894,0.0,gbm_plus_identity,oot,transaction
170,50,50,31,0.62,0.3069306930693069,0.32876351769291456,1735.493,gbm_plus_identity,oot,transaction
171,50,50,26,0.52,0.38235294117647056,0.2932596088529891,1850.4199999999998,gbm_plus_identity,oot,transaction
172,50,50,32,0.64,0.3950617283950617,0.281691751478148,1643.6079999999997,gbm_plus_identity,oot,transaction
173,50,50,40,0.8,0.28169014084507044,0.08536019319327368,836.8050000000001,gbm_plus_identity,oot,transaction
174,50,50,40,0.8,0.45977011494252873,0.5054595146919612,348.825,gbm_plus_identity,oot,transaction
175,50,50,38,0.76,0.35185185185185186,0.21143571924978263,1850.567,gbm_plus_identity,oot,transaction
176,50,50,50,1.0,0.3448275862068966,0.14938827847174282,0.0,gbm_plus_identity,oot,transaction
177,50,50,37,0.74,0.3394495412844037,0.14140992438301525,2072.02,gbm_plus_identity,oot,transaction
178,50,50,34,0.68,0.38636363636363635,0.07819928519545465,2036.175,gbm_plus_identity,oot,transaction
179,50,50,10,0.2,0.15151515151515152,0.018541271958261166,4297.107,gbm_plus_identity,oot,transaction
180,50,50,35,0.7,0.35714285714285715,0.22055122961136647,1753.1760000000002,gbm_plus_identity,oot,transaction
181,50,50,29,0.58,0.23770491803278687,0.11219654265034928,3197.005,gbm_plus_identity,oot,transaction
182,50,50,37,0.74,0.31092436974789917,0.1093855907948559,2162.037,gbm_plus_identity,oot,transaction
152,100,100,35,0.35,0.39325842696629215,0.3138024528986207,13374.182,gbm_plus_identity,oot,transaction
153,100,100,76,0.76,0.6031746031746031,0.23873119190515163,2559.068,gbm_plus_identity,oot,transaction
154,100,100,38,0.38,0.40425531914893614,0.2110774068928546,10012.167000000001,gbm_plus_identity,oot,transaction
155,100,100,50,0.5,0.42016806722689076,0.3101500186375145,6289.4,gbm_plus_identity,oot,transaction
156,100,100,28,0.28,0.5185185185185185,0.31889929003468787,12786.318,gbm_plus_identity,oot,transaction
157,100,100,29,0.29,0.42028985507246375,0.4496102333209576,16481.131,gbm_plus_identity,oot,transaction
158,100,100,33,0.33,0.4074074074074074,0.19724564844985287,11524.636,gbm_plus_identity,oot,transaction
159,100,100,45,0.45,0.5056179775280899,0.3937413167410811,7031.2919999999995,gbm_plus_identity,oot,transaction
160,100,100,36,0.36,0.4235294117647059,0.4622782756269539,11290.707,gbm_plus_identity,oot,transaction
161,100,100,30,0.3,0.4411764705882353,0.4258165634567961,7436.594,gbm_plus_identity,oot,transaction
162,100,100,59,0.59,0.5175438596491229,0.38314106417763505,3151.7209999999995,gbm_plus_identity,oot,transaction
163,100,100,56,0.56,0.4117647058823529,0.23226011581114367,4722.24,gbm_plus_identity,oot,transaction
164,100,100,33,0.33,0.42857142857142855,0.3950957735305056,9222.451000000001,gbm_plus_identity,oot,transaction
165,100,100,30,0.3,0.410958904109589,0.22452695335680772,10532.807,gbm_plus_identity,oot,transaction
166,100,100,41,0.41,0.43617021276595747,0.24523816238281299,9523.768,gbm_plus_identity,oot,transaction
167,100,100,45,0.45,0.37815126050420167,0.2057357258520097,7101.436,gbm_plus_identity,oot,transaction
168,100,100,41,0.41,0.35344827586206895,0.21507789564950797,8885.439,gbm_plus_identity,oot,transaction
169,100,100,73,0.73,0.5,0.29644978179886755,3664.7690000000002,gbm_plus_identity,oot,transaction
170,100,100,44,0.44,0.43564356435643564,0.3954148183175156,5697.897,gbm_plus_identity,oot,transaction
171,100,100,36,0.36,0.5294117647058824,0.5308020050344664,5969.398999999999,gbm_plus_identity,oot,transaction
172,100,100,40,0.4,0.49382716049382713,0.41865240322160907,17428.999,gbm_plus_identity,oot,transaction
173,100,100,60,0.6,0.4225352112676056,0.16511778328451776,6679.831,gbm_plus_identity,oot,transaction
174,100,100,46,0.46,0.5287356321839081,0.6284171688796697,4927.268000000001,gbm_plus_identity,oot,transaction
175,100,100,53,0.53,0.49074074074074076,0.5324083247277253,9267.681,gbm_plus_identity,oot,transaction
176,100,100,72,0.72,0.496551724137931,0.3760494318523368,3357.622999999999,gbm_plus_identity,oot,transaction
177,100,100,50,0.5,0.45871559633027525,0.2204210176439631,5739.517000000001,gbm_plus_identity,oot,transaction
178,100,100,44,0.44,0.5,0.3202479749971768,10960.797999999999,gbm_plus_identity,oot,transaction
179,100,100,20,0.2,0.30303030303030304,0.2774478797371188,11152.036,gbm_plus_identity,oot,transaction
180,100,100,49,0.49,0.5,0.3598444047652919,7363.049,gbm_plus_identity,oot,transaction
181,100,100,46,0.46,0.3770491803278688,0.23528322895840081,8867.565999999999,gbm_plus_identity,oot,transaction
182,100,100,57,0.57,0.4789915966386555,0.2596479472143426,12786.885,gbm_plus_identity,oot,transaction
152,250,250,53,0.212,0.5955056179775281,0.44218247926035975,38711.48299999999,gbm_plus_identity,oot,transaction
153,250,250,89,0.356,0.7063492063492064,0.45234425462366956,32761.829999999998,gbm_plus_identity,oot,transaction
154,250,250,52,0.208,0.5531914893617021,0.40375654420685264,37028.197,gbm_plus_identity,oot,transaction
155,250,250,69,0.276,0.5798319327731093,0.5133606569783247,39097.421,gbm_plus_identity,oot,transaction
156,250,250,34,0.136,0.6296296296296297,0.5519705541335364,43269.295,gbm_plus_identity,oot,transaction
157,250,250,39,0.156,0.5652173913043478,0.564138770279221,39463.41,gbm_plus_identity,oot,transaction
158,250,250,46,0.184,0.5679012345679012,0.4125744176188201,32355.218999999997,gbm_plus_identity,oot,transaction
159,250,250,59,0.236,0.6629213483146067,0.5355619288815882,30159.382,gbm_plus_identity,oot,transaction
160,250,250,49,0.196,0.5764705882352941,0.6571310473852424,35655.629,gbm_plus_identity,oot,transaction
161,250,250,36,0.144,0.5294117647058824,0.6301017343808035,29393.649,gbm_plus_identity,oot,transaction
162,250,250,73,0.292,0.6403508771929824,0.6516095102138071,24079.974000000002,gbm_plus_identity,oot,transaction
163,250,250,71,0.284,0.5220588235294118,0.3022187679427159,25265.023,gbm_plus_identity,oot,transaction
164,250,250,54,0.216,0.7012987012987013,0.5459114181855532,34008.503,gbm_plus_identity,oot,transaction
165,250,250,47,0.188,0.6438356164383562,0.5103039050656117,33651.479,gbm_plus_identity,oot,transaction
166,250,250,58,0.232,0.6170212765957447,0.5217129057726614,33348.115999999995,gbm_plus_identity,oot,transaction
167,250,250,78,0.312,0.6554621848739496,0.701813020256378,32476.335,gbm_plus_identity,oot,transaction
168,250,250,71,0.284,0.6120689655172413,0.6774793938332787,33082.80100000001,gbm_plus_identity,oot,transaction
169,250,250,89,0.356,0.6095890410958904,0.4745899101488384,32159.665,gbm_plus_identity,oot,transaction
170,250,250,68,0.272,0.6732673267326733,0.714354512029651,22538.594,gbm_plus_identity,oot,transaction
171,250,250,53,0.212,0.7794117647058824,0.8631829415782589,28437.72,gbm_plus_identity,oot,transaction
172,250,250,53,0.212,0.654320987654321,0.6350825139268751,49715.347,gbm_plus_identity,oot,transaction
173,250,250,100,0.4,0.704225352112676,0.4869562110199925,29635.449,gbm_plus_identity,oot,transaction
174,250,250,52,0.208,0.5977011494252874,0.7119534555783648,34967.237,gbm_plus_identity,oot,transaction
175,250,250,61,0.244,0.5648148148148148,0.6540582167883183,41402.58499999999,gbm_plus_identity,oot,transaction
176,250,250,95,0.38,0.6551724137931034,0.8153078761516507,23995.181,gbm_plus_identity,oot,transaction
177,250,250,75,0.3,0.6880733944954128,0.5817499930753678,19215.212999999996,gbm_plus_identity,oot,transaction
178,250,250,65,0.26,0.7386363636363636,0.6889401873690826,27846.088,gbm_plus_identity,oot,transaction
179,250,250,43,0.172,0.6515151515151515,0.7598465770949585,27293.576,gbm_plus_identity,oot,transaction
180,250,250,59,0.236,0.6020408163265306,0.5740438511284531,31845.767,gbm_plus_identity,oot,transaction
181,250,250,66,0.264,0.5409836065573771,0.569415772462872,27572.732000000004,gbm_plus_identity,oot,transaction
182,250,250,81,0.324,0.680672268907563,0.4951790020370668,34285.583,gbm_plus_identity,oot,transaction
152,500,500,67,0.134,0.7528089887640449,0.5227136079231444,83161.746,gbm_plus_identity,oot,transaction
153,500,500,100,0.2,0.7936507936507936,0.6160064056456135,83469.908,gbm_plus_identity,oot,transaction
154,500,500,67,0.134,0.7127659574468085,0.6860928153394105,82236.525,gbm_plus_identity,oot,transaction
155,500,500,81,0.162,0.680672268907563,0.6210060295920996,84432.41100000001,gbm_plus_identity,oot,transaction
156,500,500,42,0.084,0.7777777777777778,0.6768281630762414,87617.659,gbm_plus_identity,oot,transaction
157,500,500,50,0.1,0.7246376811594203,0.7506432548364556,70205.18100000001,gbm_plus_identity,oot,transaction
158,500,500,57,0.114,0.7037037037037037,0.5271065558948435,64743.919,gbm_plus_identity,oot,transaction
159,500,500,67,0.134,0.7528089887640449,0.6621561792531226,68372.676,gbm_plus_identity,oot,transaction
160,500,500,59,0.118,0.6941176470588235,0.7884884571097822,71283.421,gbm_plus_identity,oot,transaction
161,500,500,40,0.08,0.5882352941176471,0.7091913869667482,69000.038,gbm_plus_identity,oot,transaction
162,500,500,90,0.18,0.7894736842105263,0.8451675618080199,56382.053,gbm_plus_identity,oot,transaction
163,500,500,88,0.176,0.6470588235294118,0.41597019042429473,59411.136,gbm_plus_identity,oot,transaction
164,500,500,59,0.118,0.7662337662337663,0.7242287403674619,70224.296,gbm_plus_identity,oot,transaction
165,500,500,52,0.104,0.7123287671232876,0.5734334333219901,78565.291,gbm_plus_identity,oot,transaction
166,500,500,71,0.142,0.7553191489361702,0.7614080155924157,69578.487,gbm_plus_identity,oot,transaction
167,500,500,89,0.178,0.7478991596638656,0.7555115458642472,64448.929000000004,gbm_plus_identity,oot,transaction
168,500,500,88,0.176,0.7586206896551724,0.7999625122918153,72462.468,gbm_plus_identity,oot,transaction
169,500,500,106,0.212,0.726027397260274,0.6201807584260256,66394.428,gbm_plus_identity,oot,transaction
170,500,500,79,0.158,0.7821782178217822,0.7738224066215861,62454.096,gbm_plus_identity,oot,transaction
171,500,500,57,0.114,0.8382352941176471,0.893864730065402,61104.227,gbm_plus_identity,oot,transaction
172,500,500,56,0.112,0.691358024691358,0.663097083948813,85160.209,gbm_plus_identity,oot,transaction
173,500,500,119,0.238,0.8380281690140845,0.6748499444445947,66965.113,gbm_plus_identity,oot,transaction
174,500,500,63,0.126,0.7241379310344828,0.8517501493093037,70277.61899999999,gbm_plus_identity,oot,transaction
175,500,500,75,0.15,0.6944444444444444,0.7694939836881607,82551.138,gbm_plus_identity,oot,transaction
176,500,500,106,0.212,0.7310344827586207,0.8707429468571438,67814.573,gbm_plus_identity,oot,transaction
177,500,500,80,0.16,0.7339449541284404,0.7028618120377809,64566.28200000001,gbm_plus_identity,oot,transaction
178,500,500,82,0.164,0.9318181818181818,0.9272527502890054,55851.394,gbm_plus_identity,oot,transaction
179,500,500,54,0.108,0.8181818181818182,0.9405010589678799,63023.934,gbm_plus_identity,oot,transaction
180,500,500,80,0.16,0.8163265306122449,0.7290734319558227,68730.435,gbm_plus_identity,oot,transaction
181,500,500,92,0.184,0.7540983606557377,0.8457434873995214,70365.19700000001,gbm_plus_identity,oot,transaction
182,500,500,102,0.204,0.8571428571428571,0.7237334658668617,82179.807,gbm_plus_identity,oot,transaction
152,50,50,24,0.48,0.2696629213483146,0.22756366680371923,5673.504,gbm_plus_identity,oot,entity_deduplicated
153,50,50,39,0.78,0.30952380952380953,0.17952699249436,1366.661,gbm_plus_identity,oot,entity_deduplicated
154,50,50,20,0.4,0.2127659574468085,0.0966529971084326,5946.08,gbm_plus_identity,oot,entity_deduplicated
155,50,50,35,0.7,0.29411764705882354,0.2544530082373066,2470.529,gbm_plus_identity,oot,entity_deduplicated
156,50,50,16,0.32,0.2962962962962963,0.1855254539299356,4237.415999999999,gbm_plus_identity,oot,entity_deduplicated
157,50,50,20,0.4,0.2898550724637681,0.3601882092294755,5150.296,gbm_plus_identity,oot,entity_deduplicated
158,50,50,23,0.46,0.2839506172839506,0.10974243955251192,4625.149,gbm_plus_identity,oot,entity_deduplicated
159,50,50,30,0.6,0.33707865168539325,0.22252318359535733,2915.733,gbm_plus_identity,oot,entity_deduplicated
160,50,50,25,0.5,0.29411764705882354,0.39174766927630233,5008.9220000000005,gbm_plus_identity,oot,entity_deduplicated
161,50,50,25,0.5,0.36764705882352944,0.33039309045581366,3635.4840000000004,gbm_plus_identity,oot,entity_deduplicated
162,50,50,30,0.6,0.2631578947368421,0.2409799372548459,1074.185,gbm_plus_identity,oot,entity_deduplicated
163,50,50,35,0.7,0.25735294117647056,0.17800937151739574,1843.064,gbm_plus_identity,oot,entity_deduplicated
164,50,50,20,0.4,0.2597402597402597,0.23287792534763832,3650.298,gbm_plus_identity,oot,entity_deduplicated
165,50,50,21,0.42,0.2876712328767123,0.1294671703747238,3554.2339999999995,gbm_plus_identity,oot,entity_deduplicated
166,50,50,24,0.48,0.2553191489361702,0.15902440026580453,4394.79,gbm_plus_identity,oot,entity_deduplicated
167,50,50,25,0.5,0.21008403361344538,0.11963331074822907,4335.651,gbm_plus_identity,oot,entity_deduplicated
168,50,50,24,0.48,0.20689655172413793,0.16330036153493468,3280.7789999999995,gbm_plus_identity,oot,entity_deduplicated
169,50,50,38,0.76,0.2602739726027397,0.2250748802611304,2649.069,gbm_plus_identity,oot,entity_deduplicated
170,50,50,27,0.54,0.26732673267326734,0.24774663963642513,2420.5840000000007,gbm_plus_identity,oot,entity_deduplicated
171,50,50,25,0.5,0.36764705882352944,0.3014449616388559,2146.8089999999997,gbm_plus_identity,oot,entity_deduplicated
172,50,50,24,0.48,0.2962962962962963,0.22072153134620123,8483.43,gbm_plus_identity,oot,entity_deduplicated
173,50,50,27,0.54,0.19014084507042253,0.12041580754137962,4360.2429999999995,gbm_plus_identity,oot,entity_deduplicated
174,50,50,28,0.56,0.3218390804597701,0.44826225967544864,2205.7110000000002,gbm_plus_identity,oot,entity_deduplicated
175,50,50,36,0.72,0.3333333333333333,0.30236061237321243,3425.848,gbm_plus_identity,oot,entity_deduplicated
176,50,50,38,0.76,0.2620689655172414,0.18128748245935622,1652.9489999999998,gbm_plus_identity,oot,entity_deduplicated
177,50,50,31,0.62,0.28440366972477066,0.16323955072985624,2057.124,gbm_plus_identity,oot,entity_deduplicated
178,50,50,33,0.66,0.375,0.13477940210056058,3891.4880000000003,gbm_plus_identity,oot,entity_deduplicated
179,50,50,15,0.3,0.22727272727272727,0.2715712032794958,4995.126,gbm_plus_identity,oot,entity_deduplicated
180,50,50,24,0.48,0.24489795918367346,0.13234257659002557,4332.369,gbm_plus_identity,oot,entity_deduplicated
181,50,50,23,0.46,0.1885245901639344,0.08342565108015698,4140.116,gbm_plus_identity,oot,entity_deduplicated
182,50,50,33,0.66,0.2773109243697479,0.18239817845142928,4511.244999999999,gbm_plus_identity,oot,entity_deduplicated
152,100,100,30,0.3,0.33707865168539325,0.271416078853556,11899.597,gbm_plus_identity,oot,entity_deduplicated
153,100,100,45,0.45,0.35714285714285715,0.2627453609632362,9993.38,gbm_plus_identity,oot,entity_deduplicated
154,100,100,33,0.33,0.35106382978723405,0.277771942523962,14495.883,gbm_plus_identity,oot,entity_deduplicated
155,100,100,45,0.45,0.37815126050420167,0.4017214252475407,15774.627999999999,gbm_plus_identity,oot,entity_deduplicated
156,100,100,20,0.2,0.37037037037037035,0.31929853163867433,14493.943,gbm_plus_identity,oot,entity_deduplicated
157,100,100,26,0.26,0.37681159420289856,0.43969805126767664,11487.166,gbm_plus_identity,oot,entity_deduplicated
158,100,100,30,0.3,0.37037037037037035,0.20474746651676137,12197.623,gbm_plus_identity,oot,entity_deduplicated
159,100,100,36,0.36,0.4044943820224719,0.29054930638813536,9945.893,gbm_plus_identity,oot,entity_deduplicated
160,100,100,33,0.33,0.38823529411764707,0.5085169778945574,11468.78,gbm_plus_identity,oot,entity_deduplicated
161,100,100,30,0.3,0.4411764705882353,0.5213903493190105,12076.834,gbm_plus_identity,oot,entity_deduplicated
162,100,100,35,0.35,0.30701754385964913,0.3793466723385729,7111.066,gbm_plus_identity,oot,entity_deduplicated
163,100,100,42,0.42,0.3088235294117647,0.22179457670980587,9509.831,gbm_plus_identity,oot,entity_deduplicated
164,100,100,27,0.27,0.35064935064935066,0.3111785235166665,10071.537999999999,gbm_plus_identity,oot,entity_deduplicated
165,100,100,31,0.31,0.4246575342465753,0.32264279439315446,10962.627,gbm_plus_identity,oot,entity_deduplicated
166,100,100,30,0.3,0.3191489361702128,0.21574402141011084,13033.380000000001,gbm_plus_identity,oot,entity_deduplicated
167,100,100,36,0.36,0.3025210084033613,0.24711734047960038,14773.063,gbm_plus_identity,oot,entity_deduplicated
168,100,100,35,0.35,0.3017241379310345,0.26004493281946056,14739.244999999999,gbm_plus_identity,oot,entity_deduplicated
169,100,100,45,0.45,0.3082191780821918,0.27352043867932546,13997.402999999998,gbm_plus_identity,oot,entity_deduplicated
170,100,100,33,0.33,0.32673267326732675,0.31958301490079105,10153.782000000001,gbm_plus_identity,oot,entity_deduplicated
171,100,100,35,0.35,0.5147058823529411,0.5681055184959065,7902.884,gbm_plus_identity,oot,entity_deduplicated
172,100,100,34,0.34,0.41975308641975306,0.4517286284237705,17371.199,gbm_plus_identity,oot,entity_deduplicated
173,100,100,42,0.42,0.29577464788732394,0.25053522219111735,10679.014,gbm_plus_identity,oot,entity_deduplicated
174,100,100,31,0.31,0.3563218390804598,0.5100710146156786,13705.336,gbm_plus_identity,oot,entity_deduplicated
175,100,100,41,0.41,0.37962962962962965,0.3313508649851952,14532.951000000001,gbm_plus_identity,oot,entity_deduplicated
176,100,100,47,0.47,0.32413793103448274,0.4448306351949719,9316.524000000001,gbm_plus_identity,oot,entity_deduplicated
177,100,100,43,0.43,0.3944954128440367,0.306296291166939,5857.973,gbm_plus_identity,oot,entity_deduplicated
178,100,100,40,0.4,0.45454545454545453,0.31953998921924986,10411.278999999999,gbm_plus_identity,oot,entity_deduplicated
179,100,100,20,0.2,0.30303030303030304,0.2986611638639209,12750.133999999998,gbm_plus_identity,oot,entity_deduplicated
180,100,100,27,0.27,0.2755102040816326,0.1877813669779959,14370.358999999999,gbm_plus_identity,oot,entity_deduplicated
181,100,100,31,0.31,0.2540983606557377,0.2801624486529614,11204.0,gbm_plus_identity,oot,entity_deduplicated
182,100,100,43,0.43,0.36134453781512604,0.2730770523767901,11134.151,gbm_plus_identity,oot,entity_deduplicated
152,250,250,42,0.168,0.47191011235955055,0.3717985253363093,40504.372,gbm_plus_identity,oot,entity_deduplicated
153,250,250,55,0.22,0.4365079365079365,0.4093672652771078,46540.869,gbm_plus_identity,oot,entity_deduplicated
154,250,250,43,0.172,0.4574468085106383,0.4598951056851908,40740.215,gbm_plus_identity,oot,entity_deduplicated
155,250,250,54,0.216,0.453781512605042,0.4929699398851122,49630.384999999995,gbm_plus_identity,oot,entity_deduplicated
156,250,250,25,0.1,0.46296296296296297,0.4759739605860402,41310.636,gbm_plus_identity,oot,entity_deduplicated
157,250,250,34,0.136,0.4927536231884058,0.5279466987580966,32388.705,gbm_plus_identity,oot,entity_deduplicated
158,250,250,38,0.152,0.4691358024691358,0.31111534560498105,35797.83500000001,gbm_plus_identity,oot,entity_deduplicated
159,250,250,45,0.18,0.5056179775280899,0.3833721340203024,32225.61,gbm_plus_identity,oot,entity_deduplicated
160,250,250,39,0.156,0.4588235294117647,0.5464504728368657,34099.341,gbm_plus_identity,oot,entity_deduplicated
161,250,250,31,0.124,0.45588235294117646,0.5373358437919832,32053.528000000002,gbm_plus_identity,oot,entity_deduplicated
162,250,250,51,0.204,0.4473684210526316,0.5873576070702752,32441.643,gbm_plus_identity,oot,entity_deduplicated
163,250,250,51,0.204,0.375,0.3035641527148389,31391.225,gbm_plus_identity,oot,entity_deduplicated
164,250,250,30,0.12,0.38961038961038963,0.3688778324039124,32340.477,gbm_plus_identity,oot,entity_deduplicated
165,250,250,35,0.14,0.4794520547945205,0.38013615000847434,39948.528,gbm_plus_identity,oot,entity_deduplicated
166,250,250,39,0.156,0.4148936170212766,0.41189227921719684,34196.757,gbm_plus_identity,oot,entity_deduplicated
167,250,250,46,0.184,0.3865546218487395,0.4057147915609888,37173.742,gbm_plus_identity,oot,entity_deduplicated
168,250,250,44,0.176,0.3793103448275862,0.3518860925569722,40539.129,gbm_plus_identity,oot,entity_deduplicated
169,250,250,53,0.212,0.363013698630137,0.3601305239969728,35120.757,gbm_plus_identity,oot,entity_deduplicated
170,250,250,42,0.168,0.4158415841584158,0.4437262564555896,36257.909,gbm_plus_identity,oot,entity_deduplicated
171,250,250,42,0.168,0.6176470588235294,0.6695444036665359,34303.291,gbm_plus_identity,oot,entity_deduplicated
172,250,250,38,0.152,0.4691358024691358,0.48490272785196914,38545.347,gbm_plus_identity,oot,entity_deduplicated
173,250,250,62,0.248,0.43661971830985913,0.45931153130952906,32431.833,gbm_plus_identity,oot,entity_deduplicated
174,250,250,38,0.152,0.4367816091954023,0.5786274502262395,39398.017,gbm_plus_identity,oot,entity_deduplicated
175,250,250,48,0.192,0.4444444444444444,0.4578340140770955,42963.067,gbm_plus_identity,oot,entity_deduplicated
176,250,250,55,0.22,0.3793103448275862,0.517618196996905,34659.639,gbm_plus_identity,oot,entity_deduplicated
177,250,250,53,0.212,0.48623853211009177,0.5652936044096059,33894.006,gbm_plus_identity,oot,entity_deduplicated
178,250,250,55,0.22,0.625,0.5956323893480714,27732.46,gbm_plus_identity,oot,entity_deduplicated
179,250,250,33,0.132,0.5,0.6286065614808012,33980.909,gbm_plus_identity,oot,entity_deduplicated
180,250,250,41,0.164,0.41836734693877553,0.3519796708310683,33060.106,gbm_plus_identity,oot,entity_deduplicated
181,250,250,53,0.212,0.4344262295081967,0.4542520647986708,32115.661,gbm_plus_identity,oot,entity_deduplicated
182,250,250,60,0.24,0.5042016806722689,0.4914056125647599,35793.579,gbm_plus_identity,oot,entity_deduplicated
152,500,500,50,0.1,0.5617977528089888,0.44827763536268334,100194.518,gbm_plus_identity,oot,entity_deduplicated
153,500,500,62,0.124,0.49206349206349204,0.4833808022969508,93042.61499999999,gbm_plus_identity,oot,entity_deduplicated
154,500,500,48,0.096,0.5106382978723404,0.52098268098399,89970.21599999999,gbm_plus_identity,oot,entity_deduplicated
155,500,500,64,0.128,0.5378151260504201,0.6944806469591766,93924.705,gbm_plus_identity,oot,entity_deduplicated
156,500,500,28,0.056,0.5185185185185185,0.5022464173268746,96543.616,gbm_plus_identity,oot,entity_deduplicated
157,500,500,42,0.084,0.6086956521739131,0.6542191089102908,62508.917,gbm_plus_identity,oot,entity_deduplicated
158,500,500,46,0.092,0.5679012345679012,0.5749037753542522,72872.10200000001,gbm_plus_identity,oot,entity_deduplicated
159,500,500,56,0.112,0.6292134831460674,0.5447082949427732,74730.12299999999,gbm_plus_identity,oot,entity_deduplicated
160,500,500,49,0.098,0.5764705882352941,0.662238196248946,82512.725,gbm_plus_identity,oot,entity_deduplicated
161,500,500,35,0.07,0.5147058823529411,0.6181210339568872,76877.80500000001,gbm_plus_identity,oot,entity_deduplicated
162,500,500,51,0.102,0.4473684210526316,0.5873576070702752,71674.005,gbm_plus_identity,oot,entity_deduplicated
163,500,500,59,0.118,0.4338235294117647,0.5184101321725813,71046.83399999999,gbm_plus_identity,oot,entity_deduplicated
164,500,500,39,0.078,0.5064935064935064,0.5002351417689594,70080.601,gbm_plus_identity,oot,entity_deduplicated
165,500,500,39,0.078,0.5342465753424658,0.46883537116925195,93819.736,gbm_plus_identity,oot,entity_deduplicated
166,500,500,49,0.098,0.5212765957446809,0.6495056674364222,75995.39199999999,gbm_plus_identity,oot,entity_deduplicated
167,500,500,54,0.108,0.453781512605042,0.4736127849772577,81348.164,gbm_plus_identity,oot,entity_deduplicated
168,500,500,55,0.11,0.47413793103448276,0.470550073133455,77800.011,gbm_plus_identity,oot,entity_deduplicated
169,500,500,59,0.118,0.4041095890410959,0.49246213098868213,80771.91399999999,gbm_plus_identity,oot,entity_deduplicated
170,500,500,50,0.1,0.49504950495049505,0.4923399482935514,77804.273,gbm_plus_identity,oot,entity_deduplicated
171,500,500,46,0.092,0.6764705882352942,0.7056718829687223,64968.878,gbm_plus_identity,oot,entity_deduplicated
172,500,500,44,0.088,0.5432098765432098,0.668208766096283,79059.445,gbm_plus_identity,oot,entity_deduplicated
173,500,500,66,0.132,0.4647887323943662,0.4752284083320218,72022.118,gbm_plus_identity,oot,entity_deduplicated
174,500,500,43,0.086,0.4942528735632184,0.6380946924970581,81114.60800000001,gbm_plus_identity,oot,entity_deduplicated
175,500,500,58,0.116,0.5370370370370371,0.5747368782281961,83841.50899999999,gbm_plus_identity,oot,entity_deduplicated
176,500,500,65,0.13,0.4482758620689655,0.5773051510070664,88006.35399999999,gbm_plus_identity,oot,entity_deduplicated
177,500,500,61,0.122,0.5596330275229358,0.6776042157161455,71425.30900000001,gbm_plus_identity,oot,entity_deduplicated
178,500,500,60,0.12,0.6818181818181818,0.7531706317968251,55409.503,gbm_plus_identity,oot,entity_deduplicated
179,500,500,38,0.076,0.5757575757575758,0.6558813278580354,64644.098,gbm_plus_identity,oot,entity_deduplicated
180,500,500,48,0.096,0.4897959183673469,0.3907390869123019,83304.22899999999,gbm_plus_identity,oot,entity_deduplicated
181,500,500,64,0.128,0.5245901639344263,0.5411595936499062,84095.66699999999,gbm_plus_identity,oot,entity_deduplicated
182,500,500,68,0.136,0.5714285714285714,0.6044778221373392,93322.798,gbm_plus_identity,oot,entity_deduplicated
130,50,50,25,0.5,0.373134328358209,0.1781264916617284,4018.981,gbm_plus_behaviour,policy,transaction
131,50,50,29,0.58,0.2761904761904762,0.1714353226245695,316.079,gbm_plus_behaviour,policy,transaction
132,50,50,24,0.48,0.2222222222222222,0.1926212803086869,4189.441000000001,gbm_plus_behaviour,policy,transaction
133,50,50,40,0.8,0.29411764705882354,0.12283288654255616,639.8489999999999,gbm_plus_behaviour,policy,transaction
134,50,50,38,0.76,0.36893203883495146,0.3813431599173475,838.4470000000001,gbm_plus_behaviour,policy,transaction
135,50,50,35,0.7,0.3888888888888889,0.294977406332372,1406.003,gbm_plus_behaviour,policy,transaction
136,50,50,24,0.48,0.3287671232876712,0.3401283949061971,2950.0370000000003,gbm_plus_behaviour,policy,transaction
137,50,50,23,0.46,0.3333333333333333,0.4038237928360517,3329.9020000000005,gbm_plus_behaviour,policy,transaction
138,50,50,37,0.74,0.33035714285714285,0.17678632720310494,1235.06,gbm_plus_behaviour,policy,transaction
139,50,50,16,0.32,0.26229508196721313,0.19158120428949657,2390.3759999999997,gbm_plus_behaviour,policy,transaction
140,50,50,35,0.7,0.33980582524271846,0.26878818156800927,1473.0559999999998,gbm_plus_behaviour,policy,transaction
141,50,50,35,0.7,0.26717557251908397,0.13525231888690814,1783.218,gbm_plus_behaviour,policy,transaction
142,50,50,34,0.68,0.3300970873786408,0.32461382465432026,2526.443,gbm_plus_behaviour,policy,transaction
143,50,50,23,0.46,0.323943661971831,0.16951834133025126,4660.789000000001,gbm_plus_behaviour,policy,transaction
144,50,50,24,0.48,0.26666666666666666,0.2714596182212095,2643.3480000000004,gbm_plus_behaviour,policy,transaction
145,50,50,19,0.38,0.2835820895522388,0.1853403070092125,5346.923000000001,gbm_plus_behaviour,policy,transaction
146,50,50,27,0.54,0.2755102040816326,0.153073835939353,2802.8140000000003,gbm_plus_behaviour,policy,transaction
147,50,50,18,0.36,0.22784810126582278,0.19504660698804216,2760.637,gbm_plus_behaviour,policy,transaction
148,50,50,27,0.54,0.313953488372093,0.33418878225742726,1893.421,gbm_plus_behaviour,policy,transaction
149,50,50,20,0.4,0.30303030303030304,0.23037598630653824,3316.6069999999995,gbm_plus_behaviour,policy,transaction
150,50,50,14,0.28,0.2028985507246377,0.09028217170131062,6647.335999999999,gbm_plus_behaviour,policy,transaction
151,50,50,39,0.78,0.3939393939393939,0.31746015411649686,1163.53,gbm_plus_behaviour,policy,transaction
152,50,50,21,0.42,0.6774193548387096,0.6078692332524419,9915.823,gbm_plus_behaviour,policy,transaction
130,100,100,31,0.31,0.4626865671641791,0.41175731167424845,12624.664,gbm_plus_behaviour,policy,transaction
131,100,100,53,0.53,0.5047619047619047,0.43307691174687063,4553.995999999999,gbm_plus_behaviour,policy,transaction
132,100,100,32,0.32,0.2962962962962963,0.2735475504823541,9785.425000000001,gbm_plus_behaviour,policy,transaction
133,100,100,52,0.52,0.38235294117647056,0.3009666012189201,5887.345,gbm_plus_behaviour,policy,transaction
134,100,100,55,0.55,0.5339805825242718,0.5702640064919797,4410.505999999999,gbm_plus_behaviour,policy,transaction
135,100,100,43,0.43,0.4777777777777778,0.5022325745167028,6842.296,gbm_plus_behaviour,policy,transaction
136,100,100,33,0.33,0.4520547945205479,0.5181592049594237,11350.100999999999,gbm_plus_behaviour,policy,transaction
137,100,100,27,0.27,0.391304347826087,0.5015405084523751,10250.713,gbm_plus_behaviour,policy,transaction
138,100,100,53,0.53,0.4732142857142857,0.37349446297830935,5888.29,gbm_plus_behaviour,policy,transaction
139,100,100,23,0.23,0.3770491803278688,0.30012364484500575,9955.784000000001,gbm_plus_behaviour,policy,transaction
140,100,100,49,0.49,0.47572815533980584,0.35860399341731486,7309.652,gbm_plus_behaviour,policy,transaction
141,100,100,47,0.47,0.35877862595419846,0.2827701097128169,7996.256,gbm_plus_behaviour,policy,transaction
142,100,100,41,0.41,0.39805825242718446,0.3734852782126052,11052.57,gbm_plus_behaviour,policy,transaction
143,100,100,32,0.32,0.4507042253521127,0.3852035669425513,13300.761,gbm_plus_behaviour,policy,transaction
144,100,100,38,0.38,0.4222222222222222,0.48685631916160715,8223.271999999999,gbm_plus_behaviour,policy,transaction
145,100,100,27,0.27,0.40298507462686567,0.40058867460352315,12174.902000000002,gbm_plus_behaviour,policy,transaction
146,100,100,34,0.34,0.3469387755102041,0.2221634544167046,9454.775,gbm_plus_behaviour,policy,transaction
147,100,100,20,0.2,0.25316455696202533,0.23296943969819545,11972.668,gbm_plus_behaviour,policy,transaction
148,100,100,37,0.37,0.43023255813953487,0.438620104379273,7988.911,gbm_plus_behaviour,policy,transaction
149,100,100,28,0.28,0.42424242424242425,0.4078815853373555,10392.895,gbm_plus_behaviour,policy,transaction
150,100,100,23,0.23,0.3333333333333333,0.23768319341595937,15497.514000000001,gbm_plus_behaviour,policy,transaction
151,100,100,49,0.49,0.494949494949495,0.5162367330872744,7310.043,gbm_plus_behaviour,policy,transaction
152,100,100,25,0.25,0.8064516129032258,0.9286250778162983,16291.958,gbm_plus_behaviour,policy,transaction
130,250,250,50,0.2,0.746268656716418,0.8550303166217105,33523.291,gbm_plus_behaviour,policy,transaction
131,250,250,72,0.288,0.6857142857142857,0.6366709297395242,28551.035000000003,gbm_plus_behaviour,policy,transaction
132,250,250,60,0.24,0.5555555555555556,0.6491129001776177,26876.424999999996,gbm_plus_behaviour,policy,transaction
133,250,250,91,0.364,0.6691176470588235,0.697542460994847,24373.558,gbm_plus_behaviour,policy,transaction
134,250,250,66,0.264,0.6407766990291263,0.6929995072788484,23120.245,gbm_plus_behaviour,policy,transaction
135,250,250,57,0.228,0.6333333333333333,0.7563235999438346,24909.697999999997,gbm_plus_behaviour,policy,transaction
136,250,250,44,0.176,0.6027397260273972,0.7067393054549461,35486.44,gbm_plus_behaviour,policy,transaction
137,250,250,38,0.152,0.5507246376811594,0.6494415646790406,25742.376,gbm_plus_behaviour,policy,transaction
138,250,250,77,0.308,0.6875,0.6216964604340076,23029.441,gbm_plus_behaviour,policy,transaction
139,250,250,30,0.12,0.4918032786885246,0.39584528995780366,36549.972,gbm_plus_behaviour,policy,transaction
140,250,250,76,0.304,0.7378640776699029,0.6259993516132147,38758.326,gbm_plus_behaviour,policy,transaction
141,250,250,70,0.28,0.5343511450381679,0.5967336118808593,33332.501000000004,gbm_plus_behaviour,policy,transaction
142,250,250,61,0.244,0.5922330097087378,0.6267139573322225,34952.66099999999,gbm_plus_behaviour,policy,transaction
143,250,250,54,0.216,0.7605633802816901,0.7988364826789384,35872.215000000004,gbm_plus_behaviour,policy,transaction
144,250,250,59,0.236,0.6555555555555556,0.7156387574912095,27965.820000000003,gbm_plus_behaviour,policy,transaction
145,250,250,42,0.168,0.6268656716417911,0.6636977600789025,35584.107,gbm_plus_behaviour,policy,transaction
146,250,250,56,0.224,0.5714285714285714,0.48648106429380594,29326.123,gbm_plus_behaviour,policy,transaction
147,250,250,36,0.144,0.45569620253164556,0.45871443757690117,35931.577999999994,gbm_plus_behaviour,policy,transaction
148,250,250,47,0.188,0.5465116279069767,0.6136722705974408,36723.369,gbm_plus_behaviour,policy,transaction
149,250,250,41,0.164,0.6212121212121212,0.6292683307011382,33137.541,gbm_plus_behaviour,policy,transaction
150,250,250,36,0.144,0.5217391304347826,0.5835450126519297,42302.740000000005,gbm_plus_behaviour,policy,transaction
151,250,250,59,0.236,0.5959595959595959,0.6353229303329196,26617.15,gbm_plus_behaviour,policy,transaction
152,250,250,29,0.116,0.9354838709677419,0.9854209398672823,37390.36,gbm_plus_behaviour,policy,transaction
130,500,500,57,0.114,0.8507462686567164,0.9243787274577677,83018.847,gbm_plus_behaviour,policy,transaction
131,500,500,81,0.162,0.7714285714285715,0.833441001777203,73593.628,gbm_plus_behaviour,policy,transaction
132,500,500,78,0.156,0.7222222222222222,0.839480853657282,58443.41499999999,gbm_plus_behaviour,policy,transaction
133,500,500,108,0.216,0.7941176470588235,0.8647929141737086,65601.474,gbm_plus_behaviour,policy,transaction
134,500,500,77,0.154,0.7475728155339806,0.7980310121721679,65360.41499999999,gbm_plus_behaviour,policy,transaction
135,500,500,68,0.136,0.7555555555555555,0.8395208366554796,65186.251,gbm_plus_behaviour,policy,transaction
136,500,500,56,0.112,0.7671232876712328,0.8617648525505757,72662.425,gbm_plus_behaviour,policy,transaction
137,500,500,51,0.102,0.7391304347826086,0.8215884500614415,68186.217,gbm_plus_behaviour,policy,transaction
138,500,500,85,0.17,0.7589285714285714,0.686649683836019,58586.991,gbm_plus_behaviour,policy,transaction
139,500,500,41,0.082,0.6721311475409836,0.5143638583490078,72966.68,gbm_plus_behaviour,policy,transaction
140,500,500,85,0.17,0.8252427184466019,0.8096616920789153,78489.61799999999,gbm_plus_behaviour,policy,transaction
141,500,500,86,0.172,0.6564885496183206,0.6995611454637806,76569.038,gbm_plus_behaviour,policy,transaction
142,500,500,80,0.16,0.7766990291262136,0.8047735991938878,84442.337,gbm_plus_behaviour,policy,transaction
143,500,500,64,0.128,0.9014084507042254,0.8642433555736624,68336.574,gbm_plus_behaviour,policy,transaction
144,500,500,70,0.14,0.7777777777777778,0.7934446939779207,72710.549,gbm_plus_behaviour,policy,transaction
145,500,500,51,0.102,0.7611940298507462,0.7561395964417176,79352.27100000001,gbm_plus_behaviour,policy,transaction
146,500,500,77,0.154,0.7857142857142857,0.7532411486522935,72249.535,gbm_plus_behaviour,policy,transaction
147,500,500,47,0.094,0.5949367088607594,0.6001170640193642,83292.616,gbm_plus_behaviour,policy,transaction
148,500,500,56,0.112,0.6511627906976745,0.7258210655279617,76323.16699999999,gbm_plus_behaviour,policy,transaction
149,500,500,50,0.1,0.7575757575757576,0.7811729210950936,71726.671,gbm_plus_behaviour,policy,transaction
150,500,500,47,0.094,0.6811594202898551,0.679305703828166,72533.90299999999,gbm_plus_behaviour,policy,transaction
151,500,500,77,0.154,0.7777777777777778,0.7930096927139451,68588.76800000001,gbm_plus_behaviour,policy,transaction
152,500,500,30,0.06,0.967741935483871,0.9923910084566294,69210.793,gbm_plus_behaviour,policy,transaction
130,50,50,23,0.46,0.34328358208955223,0.2510613636487022,5152.595,gbm_plus_behaviour,policy,entity_deduplicated
131,50,50,28,0.56,0.26666666666666666,0.21629730655484272,1927.0800000000002,gbm_plus_behaviour,policy,entity_deduplicated
132,50,50,16,0.32,0.14814814814814814,0.08722089010397562,4085.831,gbm_plus_behaviour,policy,entity_deduplicated
133,50,50,31,0.62,0.22794117647058823,0.1023104493031592,1318.916,gbm_plus_behaviour,policy,entity_deduplicated
134,50,50,37,0.74,0.3592233009708738,0.41893751910562654,1160.589,gbm_plus_behaviour,policy,entity_deduplicated
135,50,50,28,0.56,0.3111111111111111,0.30167362435488915,2356.748,gbm_plus_behaviour,policy,entity_deduplicated
136,50,50,22,0.44,0.3013698630136986,0.28384366830965946,5509.242,gbm_plus_behaviour,policy,entity_deduplicated
137,50,50,19,0.38,0.2753623188405797,0.3168656634417197,4105.8589999999995,gbm_plus_behaviour,policy,entity_deduplicated
138,50,50,31,0.62,0.2767857142857143,0.1660321242931983,2238.792,gbm_plus_behaviour,policy,entity_deduplicated
139,50,50,17,0.34,0.2786885245901639,0.1934040046986344,2547.839,gbm_plus_behaviour,policy,entity_deduplicated
140,50,50,30,0.6,0.2912621359223301,0.20038148578311063,2089.885,gbm_plus_behaviour,policy,entity_deduplicated
141,50,50,30,0.6,0.22900763358778625,0.16323920342336934,3834.13,gbm_plus_behaviour,policy,entity_deduplicated
142,50,50,28,0.56,0.27184466019417475,0.30414467245510524,5544.26,gbm_plus_behaviour,policy,entity_deduplicated
143,50,50,18,0.36,0.2535211267605634,0.27423314177996916,7152.705,gbm_plus_behaviour,policy,entity_deduplicated
144,50,50,22,0.44,0.24444444444444444,0.28590670386236355,3604.013,gbm_plus_behaviour,policy,entity_deduplicated
145,50,50,19,0.38,0.2835820895522388,0.30608567275904247,5264.173,gbm_plus_behaviour,policy,entity_deduplicated
146,50,50,22,0.44,0.22448979591836735,0.17093082895143566,4332.058,gbm_plus_behaviour,policy,entity_deduplicated
147,50,50,14,0.28,0.17721518987341772,0.16737883173729565,4715.245,gbm_plus_behaviour,policy,entity_deduplicated
148,50,50,25,0.5,0.29069767441860467,0.35393549564592813,2480.214,gbm_plus_behaviour,policy,entity_deduplicated
149,50,50,19,0.38,0.2878787878787879,0.25391076124204515,4983.935,gbm_plus_behaviour,policy,entity_deduplicated
150,50,50,14,0.28,0.2028985507246377,0.10189069637270226,6973.32,gbm_plus_behaviour,policy,entity_deduplicated
151,50,50,28,0.56,0.2828282828282828,0.33507954631247533,2665.259,gbm_plus_behaviour,policy,entity_deduplicated
152,50,50,20,0.4,0.6451612903225806,0.6325834184907918,9344.45,gbm_plus_behaviour,policy,entity_deduplicated
130,100,100,29,0.29,0.43283582089552236,0.4194780379368076,15561.248,gbm_plus_behaviour,policy,entity_deduplicated
131,100,100,43,0.43,0.4095238095238095,0.39577150389113774,7927.328,gbm_plus_behaviour,policy,entity_deduplicated
132,100,100,27,0.27,0.25,0.32139022208810497,10787.81,gbm_plus_behaviour,policy,entity_deduplicated
133,100,100,44,0.44,0.3235294117647059,0.27422793380695043,8121.38,gbm_plus_behaviour,policy,entity_deduplicated
134,100,100,44,0.44,0.42718446601941745,0.49370218263266,7815.396000000001,gbm_plus_behaviour,policy,entity_deduplicated
135,100,100,35,0.35,0.3888888888888889,0.4670337695983591,9009.985,gbm_plus_behaviour,policy,entity_deduplicated
136,100,100,32,0.32,0.4383561643835616,0.48147687933713373,12705.113999999998,gbm_plus_behaviour,policy,entity_deduplicated
137,100,100,23,0.23,0.3333333333333333,0.43745759634280085,10588.951,gbm_plus_behaviour,policy,entity_deduplicated
138,100,100,43,0.43,0.38392857142857145,0.2761990823820592,8282.979,gbm_plus_behaviour,policy,entity_deduplicated
139,100,100,20,0.2,0.32786885245901637,0.2927129900822413,13698.425,gbm_plus_behaviour,policy,entity_deduplicated
140,100,100,42,0.42,0.4077669902912621,0.3485834274200651,13376.117999999999,gbm_plus_behaviour,policy,entity_deduplicated
141,100,100,37,0.37,0.2824427480916031,0.36112945595961615,10283.519,gbm_plus_behaviour,policy,entity_deduplicated
142,100,100,38,0.38,0.36893203883495146,0.37483679200306824,10719.397,gbm_plus_behaviour,policy,entity_deduplicated
143,100,100,28,0.28,0.39436619718309857,0.4707651904729997,13685.434000000001,gbm_plus_behaviour,policy,entity_deduplicated
144,100,100,29,0.29,0.32222222222222224,0.3418661672065472,10795.481,gbm_plus_behaviour,policy,entity_deduplicated
145,100,100,22,0.22,0.3283582089552239,0.32823726172878764,13277.813999999998,gbm_plus_behaviour,policy,entity_deduplicated
146,100,100,29,0.29,0.29591836734693877,0.25075611817380833,12096.686,gbm_plus_behaviour,policy,entity_deduplicated
147,100,100,16,0.16,0.20253164556962025,0.20634497574346072,12524.269999999999,gbm_plus_behaviour,policy,entity_deduplicated
148,100,100,31,0.31,0.36046511627906974,0.4061904012949883,11983.02,gbm_plus_behaviour,policy,entity_deduplicated
149,100,100,28,0.28,0.42424242424242425,0.4473807370341982,13790.486,gbm_plus_behaviour,policy,entity_deduplicated
150,100,100,20,0.2,0.2898550724637681,0.18876792356723254,17744.661999999997,gbm_plus_behaviour,policy,entity_deduplicated
151,100,100,33,0.33,0.3333333333333333,0.4483564676950929,9572.447,gbm_plus_behaviour,policy,entity_deduplicated
152,100,100,21,0.21,0.6774193548387096,0.6361075626147723,18122.489,gbm_plus_behaviour,policy,entity_deduplicated
130,250,250,39,0.156,0.582089552238806,0.7037107219235591,37769.085,gbm_plus_behaviour,policy,entity_deduplicated
131,250,250,51,0.204,0.4857142857142857,0.4931471286621713,34993.655,gbm_plus_behaviour,policy,entity_deduplicated
132,250,250,39,0.156,0.3611111111111111,0.38966367855460354,29837.017,gbm_plus_behaviour,policy,entity_deduplicated
133,250,250,64,0.256,0.47058823529411764,0.48964712625583207,27362.797,gbm_plus_behaviour,policy,entity_deduplicated
134,250,250,53,0.212,0.5145631067961165,0.5923375758913347,33180.08899999999,gbm_plus_behaviour,policy,entity_deduplicated
135,250,250,41,0.164,0.45555555555555555,0.5120091019896623,31287.714,gbm_plus_behaviour,policy,entity_deduplicated
136,250,250,39,0.156,0.5342465753424658,0.5926359438810326,38563.469,gbm_plus_behaviour,policy,entity_deduplicated
137,250,250,28,0.112,0.4057971014492754,0.4602514501627834,33591.565,gbm_plus_behaviour,policy,entity_deduplicated
138,250,250,58,0.232,0.5178571428571429,0.40402824112439856,27542.862,gbm_plus_behaviour,policy,entity_deduplicated
139,250,250,28,0.112,0.45901639344262296,0.32533661619482496,36198.736000000004,gbm_plus_behaviour,policy,entity_deduplicated
140,250,250,53,0.212,0.5145631067961165,0.5036263693762182,40755.675,gbm_plus_behaviour,policy,entity_deduplicated
141,250,250,49,0.196,0.37404580152671757,0.4976510831060043,40020.471,gbm_plus_behaviour,policy,entity_deduplicated
142,250,250,49,0.196,0.47572815533980584,0.5895493641882478,44616.049,gbm_plus_behaviour,policy,entity_deduplicated
143,250,250,35,0.14,0.49295774647887325,0.6268580756531514,33008.959,gbm_plus_behaviour,policy,entity_deduplicated
144,250,250,40,0.16,0.4444444444444444,0.4136106619140882,33877.202000000005,gbm_plus_behaviour,policy,entity_deduplicated
145,250,250,32,0.128,0.47761194029850745,0.4797179509866827,34518.421,gbm_plus_behaviour,policy,entity_deduplicated
146,250,250,41,0.164,0.41836734693877553,0.4203278096162854,32547.655,gbm_plus_behaviour,policy,entity_deduplicated
147,250,250,29,0.116,0.3670886075949367,0.41488494454916175,39934.361999999994,gbm_plus_behaviour,policy,entity_deduplicated
148,250,250,40,0.16,0.46511627906976744,0.6234488189380861,39101.034,gbm_plus_behaviour,policy,entity_deduplicated
149,250,250,35,0.14,0.5303030303030303,0.5685927111216958,34029.336,gbm_plus_behaviour,policy,entity_deduplicated
150,250,250,25,0.1,0.36231884057971014,0.42423221058485683,41025.349,gbm_plus_behaviour,policy,entity_deduplicated
151,250,250,41,0.164,0.41414141414141414,0.5319581910245451,35797.502,gbm_plus_behaviour,policy,entity_deduplicated
152,250,250,24,0.096,0.7741935483870968,0.6852879793551733,38980.348,gbm_plus_behaviour,policy,entity_deduplicated
130,500,500,43,0.086,0.6417910447761194,0.7306139831058803,81962.817,gbm_plus_behaviour,policy,entity_deduplicated
131,500,500,58,0.116,0.5523809523809524,0.5796762049396281,84359.464,gbm_plus_behaviour,policy,entity_deduplicated
132,500,500,47,0.094,0.4351851851851852,0.4382117501498513,74649.188,gbm_plus_behaviour,policy,entity_deduplicated
133,500,500,76,0.152,0.5588235294117647,0.5702872742129572,70915.075,gbm_plus_behaviour,policy,entity_deduplicated
134,500,500,63,0.126,0.6116504854368932,0.7161354193577509,81595.65299999999,gbm_plus_behaviour,policy,entity_deduplicated
135,500,500,47,0.094,0.5222222222222223,0.5490728561671173,75341.971,gbm_plus_behaviour,policy,entity_deduplicated
136,500,500,46,0.092,0.6301369863013698,0.6853343037752091,70443.399,gbm_plus_behaviour,policy,entity_deduplicated
137,500,500,37,0.074,0.5362318840579711,0.5433899273963998,83072.98800000001,gbm_plus_behaviour,policy,entity_deduplicated
138,500,500,61,0.122,0.5446428571428571,0.46654277319801585,67161.59900000002,gbm_plus_behaviour,policy,entity_deduplicated
139,500,500,35,0.07,0.5737704918032787,0.4166497350909738,83957.52300000002,gbm_plus_behaviour,policy,entity_deduplicated
140,500,500,60,0.12,0.5825242718446602,0.6361750957511225,82481.67199999999,gbm_plus_behaviour,policy,entity_deduplicated
141,500,500,60,0.12,0.4580152671755725,0.5968537318242999,93034.39,gbm_plus_behaviour,policy,entity_deduplicated
142,500,500,59,0.118,0.5728155339805825,0.6577924399989563,86116.204,gbm_plus_behaviour,policy,entity_deduplicated
143,500,500,41,0.082,0.5774647887323944,0.6795096453529459,75912.518,gbm_plus_behaviour,policy,entity_deduplicated
144,500,500,48,0.096,0.5333333333333333,0.5646514510596364,82219.933,gbm_plus_behaviour,policy,entity_deduplicated
145,500,500,41,0.082,0.6119402985074627,0.6051652886169983,79346.073,gbm_plus_behaviour,policy,entity_deduplicated
146,500,500,48,0.096,0.4897959183673469,0.4887385015322727,80845.683,gbm_plus_behaviour,policy,entity_deduplicated
147,500,500,36,0.072,0.45569620253164556,0.47392934416138494,83195.03099999999,gbm_plus_behaviour,policy,entity_deduplicated
148,500,500,50,0.1,0.5813953488372093,0.6825314519500444,85829.511,gbm_plus_behaviour,policy,entity_deduplicated
149,500,500,45,0.09,0.6818181818181818,0.7130859721615511,80618.985,gbm_plus_behaviour,policy,entity_deduplicated
150,500,500,37,0.074,0.5362318840579711,0.641745174765221,73867.83,gbm_plus_behaviour,policy,entity_deduplicated
151,500,500,46,0.092,0.46464646464646464,0.593598259136845,82729.531,gbm_plus_behaviour,policy,entity_deduplicated
152,500,500,25,0.05,0.8064516129032258,0.6922580479445204,72223.34700000001,gbm_plus_behaviour,policy,entity_deduplicated
152,50,50,26,0.52,0.29213483146067415,0.21285621515582298,5728.522,gbm_plus_behaviour,oot,transaction
153,50,50,50,1.0,0.3968253968253968,0.09559064097600585,0.0,gbm_plus_behaviour,oot,transaction
154,50,50,30,0.6,0.3191489361702128,0.14494521138206945,3043.792,gbm_plus_behaviour,oot,transaction
155,50,50,41,0.82,0.3445378151260504,0.23392981788655332,233.784,gbm_plus_behaviour,oot,transaction
156,50,50,23,0.46,0.42592592592592593,0.2463119301600514,2788.6659999999997,gbm_plus_behaviour,oot,transaction
157,50,50,19,0.38,0.2753623188405797,0.3388956082940894,11300.234,gbm_plus_behaviour,oot,transaction
158,50,50,27,0.54,0.3333333333333333,0.13202405037511733,3241.7210000000005,gbm_plus_behaviour,oot,transaction
159,50,50,34,0.68,0.38202247191011235,0.27453197133576557,1860.784,gbm_plus_behaviour,oot,transaction
160,50,50,31,0.62,0.36470588235294116,0.36266047527596956,4445.137000000001,gbm_plus_behaviour,oot,transaction
161,50,50,24,0.48,0.35294117647058826,0.2559149811747492,2032.536,gbm_plus_behaviour,oot,transaction
162,50,50,45,0.9,0.39473684210526316,0.2946752905608987,132.55,gbm_plus_behaviour,oot,transaction
163,50,50,42,0.84,0.3088235294117647,0.1585515720718647,247.691,gbm_plus_behaviour,oot,transaction
164,50,50,20,0.4,0.2597402597402597,0.3087362123303326,3404.777,gbm_plus_behaviour,oot,transaction
165,50,50,24,0.48,0.3287671232876712,0.18337908435742725,2942.934,gbm_plus_behaviour,oot,transaction
166,50,50,28,0.56,0.2978723404255319,0.17409640965288523,5633.0380000000005,gbm_plus_behaviour,oot,transaction
167,50,50,34,0.68,0.2857142857142857,0.09441590156870888,3319.197,gbm_plus_behaviour,oot,transaction
168,50,50,32,0.64,0.27586206896551724,0.13063259024334448,1908.497,gbm_plus_behaviour,oot,transaction
169,50,50,50,1.0,0.3424657534246575,0.1444788493528666,0.0,gbm_plus_behaviour,oot,transaction
170,50,50,28,0.56,0.27722772277227725,0.2816691194717745,1248.073,gbm_plus_behaviour,oot,transaction
171,50,50,28,0.56,0.4117647058823529,0.31770251487015544,1770.2359999999999,gbm_plus_behaviour,oot,transaction
172,50,50,31,0.62,0.38271604938271603,0.28103151247045766,1933.8979999999997,gbm_plus_behaviour,oot,transaction
173,50,50,40,0.8,0.28169014084507044,0.10909372467261345,836.805,gbm_plus_behaviour,oot,transaction
174,50,50,41,0.82,0.47126436781609193,0.5155810356974574,744.927,gbm_plus_behaviour,oot,transaction
175,50,50,36,0.72,0.3333333333333333,0.16068015432936317,2353.567,gbm_plus_behaviour,oot,transaction
176,50,50,50,1.0,0.3448275862068966,0.1457565945504628,0.0,gbm_plus_behaviour,oot,transaction
177,50,50,38,0.76,0.3486238532110092,0.14383354568872392,1929.632,gbm_plus_behaviour,oot,transaction
178,50,50,34,0.68,0.38636363636363635,0.07819928519545463,2040.175,gbm_plus_behaviour,oot,transaction
179,50,50,10,0.2,0.15151515151515152,0.018541271958261166,4776.719999999999,gbm_plus_behaviour,oot,transaction
180,50,50,36,0.72,0.3673469387755102,0.22310650593618336,1727.43,gbm_plus_behaviour,oot,transaction
181,50,50,30,0.6,0.2459016393442623,0.12249529506667722,3579.004,gbm_plus_behaviour,oot,transaction
182,50,50,38,0.76,0.31932773109243695,0.1164255107659263,2103.037,gbm_plus_behaviour,oot,transaction
152,100,100,37,0.37,0.4157303370786517,0.3269309932805907,12537.888,gbm_plus_behaviour,oot,transaction
153,100,100,77,0.77,0.6111111111111112,0.24113374276192284,2256.652,gbm_plus_behaviour,oot,transaction
154,100,100,40,0.4,0.425531914893617,0.2076032404878653,10274.715,gbm_plus_behaviour,oot,transaction
155,100,100,53,0.53,0.44537815126050423,0.39751563117664446,6924.879000000001,gbm_plus_behaviour,oot,transaction
156,100,100,28,0.28,0.5185185185185185,0.31889929003468787,19027.412,gbm_plus_behaviour,oot,transaction
157,100,100,28,0.28,0.4057971014492754,0.43384302735744995,17889.131999999998,gbm_plus_behaviour,oot,transaction
158,100,100,32,0.32,0.3950617283950617,0.1864057316587143,10436.444000000001,gbm_plus_behaviour,oot,transaction
159,100,100,41,0.41,0.4606741573033708,0.3310985119254123,7327.304999999999,gbm_plus_behaviour,oot,transaction
160,100,100,38,0.38,0.4470588235294118,0.5048349877266994,13156.677000000001,gbm_plus_behaviour,oot,transaction
161,100,100,31,0.31,0.45588235294117646,0.5673062510803072,9350.133999999998,gbm_plus_behaviour,oot,transaction
162,100,100,59,0.59,0.5175438596491229,0.36976664034103424,2744.339,gbm_plus_behaviour,oot,transaction
163,100,100,57,0.57,0.41911764705882354,0.2335764532328737,4539.24,gbm_plus_behaviour,oot,transaction
164,100,100,31,0.31,0.4025974025974026,0.38172866934166266,8391.262,gbm_plus_behaviour,oot,transaction
165,100,100,34,0.34,0.4657534246575342,0.2723675484780429,12142.857,gbm_plus_behaviour,oot,transaction
166,100,100,44,0.44,0.46808510638297873,0.2601688771330718,10270.664,gbm_plus_behaviour,oot,transaction
167,100,100,40,0.4,0.33613445378151263,0.13435451650581584,11549.163,gbm_plus_behaviour,oot,transaction
168,100,100,44,0.44,0.3793103448275862,0.23298520953310897,7402.596,gbm_plus_behaviour,oot,transaction
169,100,100,70,0.7,0.4794520547945205,0.30108001961775266,5184.682000000002,gbm_plus_behaviour,oot,transaction
170,100,100,46,0.46,0.45544554455445546,0.4733750526262505,5601.727,gbm_plus_behaviour,oot,transaction
171,100,100,39,0.39,0.5735294117647058,0.4909031144650325,5757.867000000001,gbm_plus_behaviour,oot,transaction
172,100,100,39,0.39,0.48148148148148145,0.45974788216070783,18508.999000000003,gbm_plus_behaviour,oot,transaction
173,100,100,59,0.59,0.4154929577464789,0.1750801428519071,7005.675000000001,gbm_plus_behaviour,oot,transaction
174,100,100,46,0.46,0.5287356321839081,0.5904311005460424,8089.656000000001,gbm_plus_behaviour,oot,transaction
175,100,100,47,0.47,0.4351851851851852,0.2784750363413673,10324.521999999999,gbm_plus_behaviour,oot,transaction
176,100,100,68,0.68,0.4689655172413793,0.2024161637975065,2778.401,gbm_plus_behaviour,oot,transaction
177,100,100,51,0.51,0.46788990825688076,0.21324398249452955,6112.103000000001,gbm_plus_behaviour,oot,transaction
178,100,100,46,0.46,0.5227272727272727,0.34237848747317645,10580.125,gbm_plus_behaviour,oot,transaction
179,100,100,19,0.19,0.2878787878787879,0.22380191774085031,11034.154,gbm_plus_behaviour,oot,transaction
180,100,100,48,0.48,0.4897959183673469,0.3541159419238253,6939.4169999999995,gbm_plus_behaviour,oot,transaction
181,100,100,49,0.49,0.4016393442622951,0.3758679453489732,8532.565999999999,gbm_plus_behaviour,oot,transaction
182,100,100,57,0.57,0.4789915966386555,0.2616305894410513,11630.075,gbm_plus_behaviour,oot,transaction
152,250,250,58,0.232,0.651685393258427,0.45228685416717157,38328.165,gbm_plus_behaviour,oot,transaction
153,250,250,89,0.356,0.7063492063492064,0.45401729702773475,33025.276,gbm_plus_behaviour,oot,transaction
154,250,250,53,0.212,0.5638297872340425,0.3374471613005274,36220.207,gbm_plus_behaviour,oot,transaction
155,250,250,66,0.264,0.5546218487394958,0.5294236422808044,37905.079999999994,gbm_plus_behaviour,oot,transaction
156,250,250,35,0.14,0.6481481481481481,0.5651238531274245,46523.488,gbm_plus_behaviour,oot,transaction
157,250,250,42,0.168,0.6086956521739131,0.6231579826870688,38688.811,gbm_plus_behaviour,oot,transaction
158,250,250,45,0.18,0.5555555555555556,0.4155976771440797,32680.836,gbm_plus_behaviour,oot,transaction
159,250,250,57,0.228,0.6404494382022472,0.5104135570985289,26159.243000000002,gbm_plus_behaviour,oot,transaction
160,250,250,47,0.188,0.5529411764705883,0.6367318033606801,31574.725000000002,gbm_plus_behaviour,oot,transaction
161,250,250,36,0.144,0.5294117647058824,0.6322278003105333,28943.555999999997,gbm_plus_behaviour,oot,transaction
162,250,250,72,0.288,0.631578947368421,0.7081303184135986,24344.207000000002,gbm_plus_behaviour,oot,transaction
163,250,250,72,0.288,0.5294117647058824,0.3065162770432081,26670.590000000004,gbm_plus_behaviour,oot,transaction
164,250,250,52,0.208,0.6753246753246753,0.6250893192135674,33420.630000000005,gbm_plus_behaviour,oot,transaction
165,250,250,47,0.188,0.6438356164383562,0.5103039050656117,35723.926999999996,gbm_plus_behaviour,oot,transaction
166,250,250,58,0.232,0.6170212765957447,0.5217129057726614,34439.548,gbm_plus_behaviour,oot,transaction
167,250,250,74,0.296,0.6218487394957983,0.6862045136292625,31899.138,gbm_plus_behaviour,oot,transaction
168,250,250,68,0.272,0.5862068965517241,0.6655571436435982,33846.025,gbm_plus_behaviour,oot,transaction
169,250,250,92,0.368,0.6301369863013698,0.5384680276482549,30477.232000000004,gbm_plus_behaviour,oot,transaction
170,250,250,65,0.26,0.6435643564356436,0.6370355926302261,24295.559999999998,gbm_plus_behaviour,oot,transaction
171,250,250,44,0.176,0.6470588235294118,0.6716094026219084,23272.750999999997,gbm_plus_behaviour,oot,transaction
172,250,250,53,0.212,0.654320987654321,0.6350825139268751,49257.921,gbm_plus_behaviour,oot,transaction
173,250,250,96,0.384,0.676056338028169,0.48058478147481015,31072.807,gbm_plus_behaviour,oot,transaction
174,250,250,57,0.228,0.6551724137931034,0.7715354758973857,34627.845,gbm_plus_behaviour,oot,transaction
175,250,250,67,0.268,0.6203703703703703,0.7304467269600214,40489.735,gbm_plus_behaviour,oot,transaction
176,250,250,93,0.372,0.6413793103448275,0.6806567961752846,24401.983999999997,gbm_plus_behaviour,oot,transaction
177,250,250,73,0.292,0.6697247706422018,0.5989957898235604,22574.167999999998,gbm_plus_behaviour,oot,transaction
178,250,250,62,0.248,0.7045454545454546,0.6161262708984765,29481.429,gbm_plus_behaviour,oot,transaction
179,250,250,40,0.16,0.6060606060606061,0.6590330849536657,29430.541,gbm_plus_behaviour,oot,transaction
180,250,250,61,0.244,0.6224489795918368,0.5375550067688154,32649.834000000003,gbm_plus_behaviour,oot,transaction
181,250,250,65,0.26,0.5327868852459017,0.5209989987723797,30880.766999999996,gbm_plus_behaviour,oot,transaction
182,250,250,83,0.332,0.6974789915966386,0.519076650778392,36110.707,gbm_plus_behaviour,oot,transaction
152,500,500,66,0.132,0.7415730337078652,0.5238636993759521,83888.91399999999,gbm_plus_behaviour,oot,transaction
153,500,500,102,0.204,0.8095238095238095,0.6687661076804792,82038.052,gbm_plus_behaviour,oot,transaction
154,500,500,69,0.138,0.7340425531914894,0.6329356616515517,80309.73300000001,gbm_plus_behaviour,oot,transaction
155,500,500,80,0.16,0.6722689075630253,0.6149221275375806,85732.06400000001,gbm_plus_behaviour,oot,transaction
156,500,500,38,0.076,0.7037037037037037,0.608159758019117,102288.88200000001,gbm_plus_behaviour,oot,transaction
157,500,500,48,0.096,0.6956521739130435,0.7243645782306095,68818.18100000001,gbm_plus_behaviour,oot,transaction
158,500,500,53,0.106,0.654320987654321,0.48568284859827854,66432.72399999999,gbm_plus_behaviour,oot,transaction
159,500,500,74,0.148,0.8314606741573034,0.7828242314761176,69526.093,gbm_plus_behaviour,oot,transaction
160,500,500,50,0.1,0.5882352941176471,0.6500230848998926,74106.381,gbm_plus_behaviour,oot,transaction
161,500,500,38,0.076,0.5588235294117647,0.7014312463232347,66414.80900000001,gbm_plus_behaviour,oot,transaction
162,500,500,91,0.182,0.7982456140350878,0.8770966874695456,59731.792,gbm_plus_behaviour,oot,transaction
163,500,500,91,0.182,0.6691176470588235,0.4289918249907845,59276.600000000006,gbm_plus_behaviour,oot,transaction
164,500,500,58,0.116,0.7532467532467533,0.6871781689246363,63310.521,gbm_plus_behaviour,oot,transaction
165,500,500,53,0.106,0.726027397260274,0.6460920851729327,78712.86600000001,gbm_plus_behaviour,oot,transaction
166,500,500,70,0.14,0.7446808510638298,0.7401799016035006,67253.027,gbm_plus_behaviour,oot,transaction
167,500,500,89,0.178,0.7478991596638656,0.745554353205751,59993.115,gbm_plus_behaviour,oot,transaction
168,500,500,94,0.188,0.8103448275862069,0.8848400922277646,70267.618,gbm_plus_behaviour,oot,transaction
169,500,500,107,0.214,0.7328767123287672,0.6804526713990373,71677.67,gbm_plus_behaviour,oot,transaction
170,500,500,77,0.154,0.7623762376237624,0.7756743567868418,66338.394,gbm_plus_behaviour,oot,transaction
171,500,500,51,0.102,0.75,0.8172335890659579,59767.266,gbm_plus_behaviour,oot,transaction
172,500,500,55,0.11,0.6790123456790124,0.6434265442237594,79008.144,gbm_plus_behaviour,oot,transaction
173,500,500,120,0.24,0.8450704225352113,0.7356214524457612,65682.099,gbm_plus_behaviour,oot,transaction
174,500,500,63,0.126,0.7241379310344828,0.8517501493093037,74276.019,gbm_plus_behaviour,oot,transaction
175,500,500,78,0.156,0.7222222222222222,0.830686551022012,82965.79699999999,gbm_plus_behaviour,oot,transaction
176,500,500,106,0.212,0.7310344827586207,0.8521700341999802,67973.099,gbm_plus_behaviour,oot,transaction
177,500,500,80,0.16,0.7339449541284404,0.6991917569177077,63024.932,gbm_plus_behaviour,oot,transaction
178,500,500,77,0.154,0.875,0.8319171294155163,56163.337,gbm_plus_behaviour,oot,transaction
179,500,500,55,0.11,0.8333333333333334,0.9411261708131755,63653.061,gbm_plus_behaviour,oot,transaction
180,500,500,79,0.158,0.8061224489795918,0.6682099782057449,77829.388,gbm_plus_behaviour,oot,transaction
181,500,500,93,0.186,0.7622950819672131,0.7969743074909752,70236.497,gbm_plus_behaviour,oot,transaction
182,500,500,101,0.202,0.8487394957983193,0.680847845088415,82395.89799999999,gbm_plus_behaviour,oot,transaction
152,50,50,23,0.46,0.25842696629213485,0.21589845349666825,6134.508000000001,gbm_plus_behaviour,oot,entity_deduplicated
153,50,50,38,0.76,0.30158730158730157,0.15070226884378643,1185.507,gbm_plus_behaviour,oot,entity_deduplicated
154,50,50,23,0.46,0.24468085106382978,0.11483885998533568,4562.611,gbm_plus_behaviour,oot,entity_deduplicated
155,50,50,34,0.68,0.2857142857142857,0.23590452636377343,2582.451,gbm_plus_behaviour,oot,entity_deduplicated
156,50,50,15,0.3,0.2777777777777778,0.17227490992369046,5810.9349999999995,gbm_plus_behaviour,oot,entity_deduplicated
157,50,50,20,0.4,0.2898550724637681,0.3638267952210542,5215.4,gbm_plus_behaviour,oot,entity_deduplicated
158,50,50,23,0.46,0.2839506172839506,0.10371832597704515,3596.558,gbm_plus_behaviour,oot,entity_deduplicated
159,50,50,27,0.54,0.30337078651685395,0.2040739309405593,3168.2739999999994,gbm_plus_behaviour,oot,entity_deduplicated
160,50,50,27,0.54,0.3176470588235294,0.36558739990061606,5091.397000000001,gbm_plus_behaviour,oot,entity_deduplicated
161,50,50,26,0.52,0.38235294117647056,0.47188277807932477,3496.942,gbm_plus_behaviour,oot,entity_deduplicated
162,50,50,29,0.58,0.2543859649122807,0.24233586962537687,1141.781,gbm_plus_behaviour,oot,entity_deduplicated
163,50,50,35,0.7,0.25735294117647056,0.17800937151739576,1691.649,gbm_plus_behaviour,oot,entity_deduplicated
164,50,50,18,0.36,0.23376623376623376,0.22379833866994994,3728.536,gbm_plus_behaviour,oot,entity_deduplicated
165,50,50,21,0.42,0.2876712328767123,0.12217662175649066,3541.1829999999995,gbm_plus_behaviour,oot,entity_deduplicated
166,50,50,23,0.46,0.24468085106382978,0.12711962548586994,6001.129000000001,gbm_plus_behaviour,oot,entity_deduplicated
167,50,50,24,0.48,0.20168067226890757,0.11305218859376215,7943.545,gbm_plus_behaviour,oot,entity_deduplicated
168,50,50,25,0.5,0.21551724137931033,0.15253502865526192,2886.101,gbm_plus_behaviour,oot,entity_deduplicated
169,50,50,35,0.7,0.23972602739726026,0.21613001191593006,4016.448,gbm_plus_behaviour,oot,entity_deduplicated
170,50,50,27,0.54,0.26732673267326734,0.24774663963642513,2383.2660000000005,gbm_plus_behaviour,oot,entity_deduplicated
171,50,50,26,0.52,0.38235294117647056,0.34117781208884596,2132.2999999999997,gbm_plus_behaviour,oot,entity_deduplicated
172,50,50,23,0.46,0.2839506172839506,0.16787689219294885,8877.947,gbm_plus_behaviour,oot,entity_deduplicated
173,50,50,27,0.54,0.19014084507042253,0.1335169110396569,4297.31,gbm_plus_behaviour,oot,entity_deduplicated
174,50,50,25,0.5,0.28735632183908044,0.36579068950972493,4545.956999999999,gbm_plus_behaviour,oot,entity_deduplicated
175,50,50,33,0.66,0.3055555555555556,0.1928201196038357,2824.453,gbm_plus_behaviour,oot,entity_deduplicated
176,50,50,37,0.74,0.25517241379310346,0.14796314717370782,1633.798,gbm_plus_behaviour,oot,entity_deduplicated
177,50,50,33,0.66,0.30275229357798167,0.16795647176134948,1808.614,gbm_plus_behaviour,oot,entity_deduplicated
178,50,50,32,0.64,0.36363636363636365,0.07178818626996818,2864.743,gbm_plus_behaviour,oot,entity_deduplicated
179,50,50,12,0.24,0.18181818181818182,0.20576397447475114,5195.668,gbm_plus_behaviour,oot,entity_deduplicated
180,50,50,24,0.48,0.24489795918367346,0.13234257659002557,3397.3689999999997,gbm_plus_behaviour,oot,entity_deduplicated
181,50,50,24,0.48,0.19672131147540983,0.17894770405954782,4684.576,gbm_plus_behaviour,oot,entity_deduplicated
182,50,50,32,0.64,0.2689075630252101,0.18710660165981885,3799.5980000000004,gbm_plus_behaviour,oot,entity_deduplicated
152,100,100,31,0.31,0.34831460674157305,0.31552619353821115,13192.429999999998,gbm_plus_behaviour,oot,entity_deduplicated
153,100,100,43,0.43,0.3412698412698413,0.20301155068475765,9776.042,gbm_plus_behaviour,oot,entity_deduplicated
154,100,100,30,0.3,0.3191489361702128,0.18449968715593967,12217.205000000002,gbm_plus_behaviour,oot,entity_deduplicated
155,100,100,45,0.45,0.37815126050420167,0.40584798020387297,15607.265,gbm_plus_behaviour,oot,entity_deduplicated
156,100,100,20,0.2,0.37037037037037035,0.3471901082450152,15723.985,gbm_plus_behaviour,oot,entity_deduplicated
157,100,100,27,0.27,0.391304347826087,0.4600471803316908,12137.937,gbm_plus_behaviour,oot,entity_deduplicated
158,100,100,29,0.29,0.35802469135802467,0.19201386433886464,11996.992999999999,gbm_plus_behaviour,oot,entity_deduplicated
159,100,100,35,0.35,0.39325842696629215,0.29728523607975765,9386.361,gbm_plus_behaviour,oot,entity_deduplicated
160,100,100,34,0.34,0.4,0.511512511487416,11575.205000000002,gbm_plus_behaviour,oot,entity_deduplicated
161,100,100,28,0.28,0.4117647058823529,0.4931523668535266,12726.257,gbm_plus_behaviour,oot,entity_deduplicated
162,100,100,35,0.35,0.30701754385964913,0.3954945942058052,8231.285,gbm_plus_behaviour,oot,entity_deduplicated
163,100,100,43,0.43,0.3161764705882353,0.23435559309586593,7876.012000000001,gbm_plus_behaviour,oot,entity_deduplicated
164,100,100,25,0.25,0.3246753246753247,0.30484233883513984,10741.955,gbm_plus_behaviour,oot,entity_deduplicated
165,100,100,29,0.29,0.3972602739726027,0.2335710511524233,11063.935,gbm_plus_behaviour,oot,entity_deduplicated
166,100,100,29,0.29,0.30851063829787234,0.17064544804984816,12593.578000000001,gbm_plus_behaviour,oot,entity_deduplicated
167,100,100,34,0.34,0.2857142857142857,0.2376533226529765,14650.514000000001,gbm_plus_behaviour,oot,entity_deduplicated
168,100,100,34,0.34,0.29310344827586204,0.23585646167637245,13573.757,gbm_plus_behaviour,oot,entity_deduplicated
169,100,100,45,0.45,0.3082191780821918,0.27352043867932546,14479.359,gbm_plus_behaviour,oot,entity_deduplicated
170,100,100,34,0.34,0.33663366336633666,0.3228594234014892,10818.681,gbm_plus_behaviour,oot,entity_deduplicated
171,100,100,38,0.38,0.5588235294117647,0.6386480633383039,7307.646000000001,gbm_plus_behaviour,oot,entity_deduplicated
172,100,100,34,0.34,0.41975308641975306,0.44008579545137383,19615.524,gbm_plus_behaviour,oot,entity_deduplicated
173,100,100,43,0.43,0.3028169014084507,0.22712456937852488,12200.067,gbm_plus_behaviour,oot,entity_deduplicated
174,100,100,32,0.32,0.367816091954023,0.5201925356211748,10606.89,gbm_plus_behaviour,oot,entity_deduplicated
175,100,100,40,0.4,0.37037037037037035,0.3302798315329954,15027.399000000001,gbm_plus_behaviour,oot,entity_deduplicated
176,100,100,48,0.48,0.3310344827586207,0.42349171754549986,8010.473,gbm_plus_behaviour,oot,entity_deduplicated
177,100,100,43,0.43,0.3944954128440367,0.3011915907265324,6052.864,gbm_plus_behaviour,oot,entity_deduplicated
178,100,100,41,0.41,0.4659090909090909,0.4231204885076519,9479.283,gbm_plus_behaviour,oot,entity_deduplicated
179,100,100,19,0.19,0.2878787878787879,0.34582869400894506,12516.940999999999,gbm_plus_behaviour,oot,entity_deduplicated
180,100,100,29,0.29,0.29591836734693877,0.22410765029211024,13700.104,gbm_plus_behaviour,oot,entity_deduplicated
181,100,100,33,0.33,0.27049180327868855,0.2806121758327137,10677.863000000001,gbm_plus_behaviour,oot,entity_deduplicated
182,100,100,43,0.43,0.36134453781512604,0.27212689055625916,11268.666000000001,gbm_plus_behaviour,oot,entity_deduplicated
152,250,250,41,0.164,0.4606741573033708,0.37335936373654854,38053.047999999995,gbm_plus_behaviour,oot,entity_deduplicated
153,250,250,56,0.224,0.4444444444444444,0.4118458466164638,47195.32,gbm_plus_behaviour,oot,entity_deduplicated
154,250,250,43,0.172,0.4574468085106383,0.4588821610317075,41563.596999999994,gbm_plus_behaviour,oot,entity_deduplicated
155,250,250,56,0.224,0.47058823529411764,0.49475059414497136,46825.473,gbm_plus_behaviour,oot,entity_deduplicated
156,250,250,24,0.096,0.4444444444444444,0.4172704840288973,39006.801999999996,gbm_plus_behaviour,oot,entity_deduplicated
157,250,250,33,0.132,0.4782608695652174,0.5155485538979027,30616.949,gbm_plus_behaviour,oot,entity_deduplicated
158,250,250,35,0.14,0.43209876543209874,0.29041923920095736,35558.755,gbm_plus_behaviour,oot,entity_deduplicated
159,250,250,45,0.18,0.5056179775280899,0.41413668841280105,30771.402000000002,gbm_plus_behaviour,oot,entity_deduplicated
160,250,250,36,0.144,0.4235294117647059,0.5174659354638362,35952.561,gbm_plus_behaviour,oot,entity_deduplicated
161,250,250,31,0.124,0.45588235294117646,0.5394619097217129,30547.713000000003,gbm_plus_behaviour,oot,entity_deduplicated
162,250,250,49,0.196,0.4298245614035088,0.5911203193984985,33703.024999999994,gbm_plus_behaviour,oot,entity_deduplicated
163,250,250,51,0.204,0.375,0.28481804903863617,32462.244,gbm_plus_behaviour,oot,entity_deduplicated
164,250,250,32,0.128,0.4155844155844156,0.379712708209323,30829.498999999996,gbm_plus_behaviour,oot,entity_deduplicated
165,250,250,35,0.14,0.4794520547945205,0.37727697346245276,40060.37199999999,gbm_plus_behaviour,oot,entity_deduplicated
166,250,250,39,0.156,0.4148936170212766,0.4761963600059427,36477.903,gbm_plus_behaviour,oot,entity_deduplicated
167,250,250,48,0.192,0.40336134453781514,0.42800531336955855,34667.979,gbm_plus_behaviour,oot,entity_deduplicated
168,250,250,47,0.188,0.4051724137931034,0.3459413174563161,40977.951,gbm_plus_behaviour,oot,entity_deduplicated
169,250,250,54,0.216,0.3698630136986301,0.367664915596783,36377.862,gbm_plus_behaviour,oot,entity_deduplicated
170,250,250,42,0.168,0.4158415841584158,0.44476489183993717,34322.474,gbm_plus_behaviour,oot,entity_deduplicated
171,250,250,42,0.168,0.6176470588235294,0.667392133624287,33902.459,gbm_plus_behaviour,oot,entity_deduplicated
172,250,250,39,0.156,0.48148148148148145,0.47899890775340914,41770.213,gbm_plus_behaviour,oot,entity_deduplicated
173,250,250,62,0.248,0.43661971830985913,0.4224779513410519,33402.853,gbm_plus_behaviour,oot,entity_deduplicated
174,250,250,38,0.152,0.4367816091954023,0.5786274502262395,38945.255000000005,gbm_plus_behaviour,oot,entity_deduplicated
175,250,250,47,0.188,0.4351851851851852,0.44409527782443825,41814.705,gbm_plus_behaviour,oot,entity_deduplicated
176,250,250,57,0.228,0.3931034482758621,0.5826729039641345,33881.397000000004,gbm_plus_behaviour,oot,entity_deduplicated
177,250,250,53,0.212,0.48623853211009177,0.5652936044096059,32641.778,gbm_plus_behaviour,oot,entity_deduplicated
178,250,250,54,0.216,0.6136363636363636,0.6432877156102499,26917.519,gbm_plus_behaviour,oot,entity_deduplicated
179,250,250,31,0.124,0.4696969696969697,0.5629129893752013,29969.146,gbm_plus_behaviour,oot,entity_deduplicated
180,250,250,41,0.164,0.41836734693877553,0.3402681467996256,35623.777,gbm_plus_behaviour,oot,entity_deduplicated
181,250,250,53,0.212,0.4344262295081967,0.47224115198876326,34501.486999999994,gbm_plus_behaviour,oot,entity_deduplicated
182,250,250,59,0.236,0.4957983193277311,0.4708071128346122,37173.171,gbm_plus_behaviour,oot,entity_deduplicated
152,500,500,48,0.096,0.5393258426966292,0.4256085113339459,92992.757,gbm_plus_behaviour,oot,entity_deduplicated
153,500,500,63,0.126,0.5,0.4861692063037263,91502.72499999999,gbm_plus_behaviour,oot,entity_deduplicated
154,500,500,48,0.096,0.5106382978723404,0.5300212640458412,97027.919,gbm_plus_behaviour,oot,entity_deduplicated
155,500,500,64,0.128,0.5378151260504201,0.6450674912480842,95864.95199999999,gbm_plus_behaviour,oot,entity_deduplicated
156,500,500,28,0.056,0.5185185185185185,0.4927360661035918,98980.423,gbm_plus_behaviour,oot,entity_deduplicated
157,500,500,40,0.08,0.5797101449275363,0.623358509203938,64651.827000000005,gbm_plus_behaviour,oot,entity_deduplicated
158,500,500,45,0.09,0.5555555555555556,0.5719408626509502,75517.07699999999,gbm_plus_behaviour,oot,entity_deduplicated
159,500,500,56,0.112,0.6292134831460674,0.5279670524279239,68989.114,gbm_plus_behaviour,oot,entity_deduplicated
160,500,500,47,0.094,0.5529411764705883,0.652189000316702,82626.925,gbm_plus_behaviour,oot,entity_deduplicated
161,500,500,36,0.072,0.5294117647058824,0.5895254472020228,72456.19200000001,gbm_plus_behaviour,oot,entity_deduplicated
162,500,500,53,0.106,0.4649122807017544,0.6159554534305643,75579.277,gbm_plus_behaviour,oot,entity_deduplicated
163,500,500,59,0.118,0.4338235294117647,0.45995858433063164,70857.42199999999,gbm_plus_behaviour,oot,entity_deduplicated
164,500,500,37,0.074,0.4805194805194805,0.4701668701112407,68890.12299999999,gbm_plus_behaviour,oot,entity_deduplicated
165,500,500,41,0.082,0.5616438356164384,0.4815003894415845,95314.452,gbm_plus_behaviour,oot,entity_deduplicated
166,500,500,49,0.098,0.5212765957446809,0.6380555687191507,79621.06400000001,gbm_plus_behaviour,oot,entity_deduplicated
167,500,500,57,0.114,0.4789915966386555,0.5418764312764426,76146.664,gbm_plus_behaviour,oot,entity_deduplicated
168,500,500,56,0.112,0.4827586206896552,0.45913550061129654,82183.655,gbm_plus_behaviour,oot,entity_deduplicated
169,500,500,62,0.124,0.4246575342465753,0.5214820315707751,83537.14300000001,gbm_plus_behaviour,oot,entity_deduplicated
170,500,500,51,0.102,0.504950495049505,0.4949180172527677,75558.022,gbm_plus_behaviour,oot,entity_deduplicated
171,500,500,45,0.09,0.6617647058823529,0.6852714537150039,64708.95500000001,gbm_plus_behaviour,oot,entity_deduplicated
172,500,500,46,0.092,0.5679012345679012,0.6694315293764892,89890.61300000001,gbm_plus_behaviour,oot,entity_deduplicated
173,500,500,65,0.13,0.45774647887323944,0.47077902195974,72250.799,gbm_plus_behaviour,oot,entity_deduplicated
174,500,500,45,0.09,0.5172413793103449,0.6442317080667239,84369.56700000001,gbm_plus_behaviour,oot,entity_deduplicated
175,500,500,59,0.118,0.5462962962962963,0.5772903640541065,84515.476,gbm_plus_behaviour,oot,entity_deduplicated
176,500,500,65,0.13,0.4482758620689655,0.6329873320504736,88626.342,gbm_plus_behaviour,oot,entity_deduplicated
177,500,500,62,0.124,0.5688073394495413,0.6518826690302745,72621.31,gbm_plus_behaviour,oot,entity_deduplicated
178,500,500,61,0.122,0.6931818181818182,0.7958861539604174,56712.778999999995,gbm_plus_behaviour,oot,entity_deduplicated
179,500,500,37,0.074,0.5606060606060606,0.6455385682358735,65355.81999999999,gbm_plus_behaviour,oot,entity_deduplicated
180,500,500,46,0.092,0.46938775510204084,0.3806188025590444,90579.412,gbm_plus_behaviour,oot,entity_deduplicated
181,500,500,64,0.128,0.5245901639344263,0.5319401864649838,88601.951,gbm_plus_behaviour,oot,entity_deduplicated
182,500,500,67,0.134,0.5630252100840336,0.6024146330826219,92427.56100000002,gbm_plus_behaviour,oot,entity_deduplicated
